Workbook
Name Derslik: #REF!
Name Derslik: #REF!
Name Islem: #REF!
Name Islem: #REF!
Name Kadrolu: #REF!
Name Kadrolu: #REF!
Name statü: #REF!
Name statü: #REF!
Name Unvan: #REF!
Name Unvan: #REF!
Name Unvan2: #REF!
Name Unvan2: #REF!
Name yarıyıl: #REF!
Name yarıyıl: #REF!

Sheet KAT_PLANI
A2: KAT : 0 | G2: KAT : 1 | M2: KAT : 2
A3: SINIF KODU | C3: SINIF KAPASİTESİ | D3: ÖĞRENCİ KAPASİTESİ | G3: SINIF KODU | I3: SINIF KAPASİTESİ | J3: ÖĞRENCİ KAPASİTESİ | M3: SINIF KODU | O3: SINIF KAPASİTESİ | P3: ÖĞRENCİ KAPASİTESİ
A4: L 002 | B4: Film/stüd. | G4: C 101 | H4: Duruşma Salonu | I4: 35 | J4: 30 | K4: HF | M4: C 208 | O4: 30 | P4: 30 | Q4: Hazırlık Okulu
A5: C 003 | B5: DİJİTAL MED LAB | C5: 30 | D5: 30 | E5: GSTF | G5: C 102 | I5: 30 | J5: 30 | K5: GSTF | M5: C 213 | O5: 30 | P5: 30 | Q5: Hazırlık Okulu
A6: C 005 | C6: 57 | D6: 45 | E6: Müzik | G6: C 103 | H6: PSY LAB | I6: 30 | K6: İTBF | M6: C 214 | O6: 30 | P6: 30 | Q6: İTBF
A7: C 006 | C7: 37 | D7: 30 | E7: Hazırlık Okulu | G7: C 104 | I7: 50 | J7: 50 | K7: İTBF | M7: C 215 | O7: 45 | P7: 45 | Q7: İTBF
A8: C 007 | B8: İ/M STD1 | C8: 34 | D8: 31 | E8: GSTF | G8: C 109 | I8: 50 | J8: 50 | K8: İTBF | M8: C 220 | O8: 25 | P8: 25 | Q8: İTBF
A9: L 008 | B9: M/T Lab | C9: 20 | E9: İTBF | G9: C 113 | I9: 45 | J9: 45 | K9: İTBF | M9: C 221 | O9: 30 | P9: 30 | Q9: İTBF
A10: C 012 | B10: İ/M STD2 | C10: 70 | D10: 70 | E10: GSTF | G10: C 114 | I10: 30 | J10: 30 | K10: Hazırlık Okulu | M10: C 222 | O10: 30 | P10: 30 | Q10: İTBF
A11: C 013 | B11: İ/M STD3 | C11: 40 | D11: 40 | E11: GSTF | G11: L 115 | H11: BİLG 4 | I11: 30 | K11: GSTF | M11: C 229 | O11: 40 | P11: 40 | Q11: İTBF
A12: C 017 | C12: 85 | D12: 83 | E12: MMF | G12: L 121 | H12: BIL LAB | I12: 30 | J12: 30 | K12: MMF-Lab | M12: C 230 | O12: 40 | P12: 40 | Q12: İTBF
A13: C 018 | C13: 88 | D13: 88 | E13: MMF | G13: C 122 | I13: 40 | J13: 30 | K13: Hazırlık Okulu | M13: C 231 | O13: 60 | P13: 60 | Q13: HF
A14: C 025 | C14: 88 | D14: 65 | E14: MMF | G14: C 123 | I14: 35 | J14: 30 | K14: Hazırlık Okulu | M14: C 232 | O14: 60 | P14: 60 | Q14: İTBF
A15: C 026 | C15: 84 | D15: 48 | E15: MMF | G15: C 130 | I15: 30 | J15: 30 | K15: Hazırlık Okulu | M15: C 233 | O15: 45 | P15: 45 | Q15: İTBF
A16: C 027 | C16: 88 | D16: 76 | E16: ITBF | G16: C 131 | I16: 30 | J16: 30 | K16: Hazırlık Okulu | M16: AMFİ4 | N16: GSTF | O16: 82 | P16: 82 | Q16: ITBF
A17: C 034 | C17: 88 | D17: 78 | E17: HF | G17: C 132 | I17: 30 | J17: 30 | K17: Hazırlık Okulu | M17: AMFİ3 | N17: HUK | O17: 106 | P17: 106 | Q17: HF
A18: C 035 | C18: 85 | D18: 67 | E18: HF | G18: L 139 | H18: SHGM Sınav Merkezi | I18: 30 | K18: MMF-Lab | M18: AMFİ2 | N18: İTBF | O18: 106 | P18: 106 | Q18: GSTF
A19: C 036 | C19: 102 | D19: 86 | E19: MMF | G19: L 140 | H19: Elk./Eln. Lab | I19: 40 | K19: MMF-Lab | M19: AMFİ1 | N19: MMF | O19: 111 | P19: 111 | Q19: MMF
A20: L 037 | B20: İHA-LAB | C20: 10 | E20: MYO | G20: L 141 | H20: Bilg.Lab-2 | I20: 40 | K20: MMF-Lab | M20: AMFİ 5 | N20: ANK | O20: 222
A21: C 053 | C21: 56 | D21: 35 | E21: MYO | G21: L 142 | H21: Bilg.Lab-3 | I21: 30 | K21: MMF-Lab | O21: =SUM(O4:O20) -> 1092 | P21: =SUM(P4:P20) -> 870
A22: C 054 | C22: 31 | D22: 31 | E22: MMF | G22: L 143 | H22: Fizik Lab | I22: 30 | K22: MMF-Lab
A23: C 055 | C23: 54 | D23: 49 | E23: MYO | I23: =SUM(I4:I22) -> 665 | J23: =SUM(J4:J22) -> 415
A24: C 056 | B24: BİLG 5 | C24: 30 | E24: MMF-Lab | N24: Snf.Kap. | O24: Öğr.Kap.
A25: LECTURE HALL 5 | C25: 90 | D25: 90 | E25: İTBF | M25: TOPLAM | N25: =C48+I23+O21 -> 3778 | O25: =D48+J23+P21 -> 3045
A26: LECTURE HALL 6 | C26: 30 | D26: 30 | E26: MMF
A27: LECTURE HALL 7 | C27: 54 | D27: 54 | E27: İTBF
A28: C 060 | C28: 17 | D28: 17 | E28: İTBF
A29: C 063 | B29: COM. LAB | C29: 24 | D29: 24 | E29: MYO
A30: C 070 | C30: 30 | D30: 29 | E30: GSTF
A31: C071 | C31: 40 | D31: 40 | E31: GSTF
A32: C 072 | C32: 34 | D32: 33 | E32: MMF
A33: C 073 | C33: 65 | D33: 53 | E33: İTBF
A34: C 074 | C34: 63 | D34: 63 | E34: MMF
A35: C 075 | C35: 39 | D35: 39 | E35: MMF
A36: C 076 | C36: 35 | D36: 33 | E36: Hazırlık Okulu
A37: C 077 | C37: 24 | D37: 24 | E37: Hazırlık Okulu
A38: C 078 | C38: 30 | D38: 28 | E38: Hazırlık Okulu
A39: C 084 | C39: 26 | D39: 21 | E39: Hazırlık Okulu
A40: C 085 | C40: 37 | D40: 36 | E40: MYO
A41: C 086 | C41: 54 | D41: 42 | E41: MYO
... A43: C 088 | C43: 27 | D43: 27 | E43: GSTF
A44: C 089 | B44: LAB | C44: 29 | D44: 29 | E44: MYO
A45: C 090 | B45: LAB | C45: 28 | D45: 28 | E45: MYO
A46: C 091 | B46: PROJE | C46: 20 | D46: 20 | E46: MMF-Lab
A47: C 092 | B47: PROJE | C47: 12 | D47: 12 | E47: MMF-Lab
C48: =SUM(C4:C47) -> 2021 | D48: =SUM(D4:D47) -> 1760
M51: İTBF | N51: =COUNTIFS($E$4:$E$47,M51)+COUNTIFS($K$4:$K$22,M51)+COUNTIFS($Q$4:$Q$22,M51) -> 19
A52: Ders Planlama Esasları | M52: HF | N52: =COUNTIFS($E$4:$E$47,M52)+COUNTIFS($K$4:$K$22,M52)+COUNTIFS($Q$4:$Q$22,M52) -> 5
A53: 1. Sabah 09.00 – Akşam 18.00 arası 9 saat olacak şekilde planlama yapılacaktır | M53: MMF | N53: =COUNTIFS($E$4:$E$47,M53)+COUNTIFS($K$4:$K$22,M53)+COUNTIFS($Q$4:$Q$22,M53) -> 11
A54: 2. Dersler 09.00-11.40, 12.20-15.00, 15.20-18.00 olacak şekilde 3’er saatlik ve boşluk olmadan planlanacaktır. | M54: MMF-Lab | N54: =COUNTIFS($E$4:$E$47,M54)+COUNTIFS($K$4:$K$22,M54)+COUNTIFS($Q$4:$Q$22,M54) -> 9
A55: 3. İnkılap Tarihi ve ATA dersleri cumartesi sabah olacak şekilde planlanacaktır. | M55: GSTF | N55: =COUNTIFS($E$4:$E$47,M55)+COUNTIFS($K$4:$K$22,M55)+COUNTIFS($Q$4:$Q$22,M55) -> 10
A56: 4. Cuma saat 12.00-14.00 arasına ders planlanmayacaktır | M56: MYO | N56: =COUNTIFS($E$4:$E$47,M56)+COUNTIFS($K$4:$K$22,M56)+COUNTIFS($Q$4:$Q$22,M56) -> 8
A57: 5. Her ders 50 dakikadır | M57: Hazırlık Okulu | N57: =COUNTIFS($E$4:$E$47,M57)+COUNTIFS($K$4:$K$22,M57)+COUNTIFS($Q$4:$Q$22,M57) -> 13
A58: 6. Hazırlık okulu günde 10 saat olacak şekilde planlama yapacaktır
A59: 7. Dönem içinde yapılacak değişiklikler Rektör yardımcısı ile koordine edilerek plana işlenecektir. | M59: Toplam: | N59: =SUM(N51:N58) -> 75

Sheet DERS_PLANI
B1: ANKARA BİLİM ÜNİVERSİTESİ
A2: 3 | B2: 2025-2026 ÖĞRETİM YILI BAHAR DÖNEMİ
B3: MALTEPE KAMPÜSÜ DERSLİK PROGRAMI
B5: Gün | C5: Saat | E5: C 208 | F5: C 213 | G5: C 214 | H5: C 215 | I5: C 220 | J5: C 221 | K5: C 222 | L5: C 229 | M5: C 230 | N5: C 231 | O5: C 232 | P5: C 233 | Q5: AMFİ4 | R5: AMFİ3 | S5: AMFİ2 | T5: AMFİ1 | U5: AMFİ 5 | V5: Online | W5: Online | X5: Online | Y5: Online
E7: Hazırlık Okulu | F7: Hazırlık Okulu | G7: ITBF | H7: İTBF | I7: İTBF | J7: İTBF | K7: İTBF | L7: İTBF | M7: İTBF | N7: HF | O7: İTBF | P7: İTBF | Q7: ITBF | R7: HF | S7: GSTF | T7: MMF
A8: ÜST KAT | B8: Pazartesi | C8: 1 | D8: 09:00 - 09:50 | H8: ETI 208 (Dr. Akbay) | I8: YBS 261 TİCARİ İSTİHBARAT SERTAÇ- ÖZGÜL HOCALAR | J8: CMM 211-Philosophy of Technology and Society | K8: BUS 304 (Dr. Özgül) | M8: BUS 102 (Dr. Kalkan) | N8: SEC329/CMM 329 | O8: ETI 112 (Dr. Acar)
C9: 2 | D9: 09:55 - 10:45 | H9: ETI 208 (Dr. Akbay) | I9: YBS 261 TİCARİ İSTİHBARAT SERTAÇ- ÖZGÜL HOCALAR | J9: CMM 211-Philosophy of Technology and Society | K9: BUS 304 (Dr. Özgül) | M9: BUS 102 (Dr. Kalkan) | N9: SEC329/CMM 329 | O9: ETI 112 (Dr. Acar) | Q9: MYO IHA104 İHA SİSTEMLERİ ÜRETİM VE TESTLERİ | T9: MATH 101 (Teorik) - Sec 1 (Mustafa Akkaya)
C10: 3 | D10: 10:50 - 11:40 | H10: ETI 208 (Dr. Akbay) | I10: YBS 261 TİCARİ İSTİHBARAT SERTAÇ- ÖZGÜL HOCALAR | J10: CMM 211-Philosophy of Technology and Society | K10: BUS 304 (Dr. Özgül) | L10: OC 160 Diplomasi Atölyesi | M10: BUS 102 (Dr. Kalkan) | N10: SEC329 | O10: ETI 112 (Dr. Acar) | Q10: MYO IHA104 İHA SİSTEMLERİ ÜRETİM VE TESTLERİ | T10: MATH 101 (Teorik) - Sec 1 (Mustafa Akkaya)
C11: 4 | D11: 12:20 - 13:10 | H11: CMM 176 Psikopatik Çağda İnsan | I11: SİMURG SENİOR | J11: POLS 306 (Assoc. Prof. Köni) | L11: SİMURG MASTERCLASS | N11: HUK306 | O11: ETI 110 (Dr. Akbay) | P11: ETI 264 (Doç. Düzgün) | Q11: MYO IHA104 İHA SİSTEMLERİ ÜRETİM VE TESTLERİ | R11: YBS 457 TEDARİK ZİNCİRİ YÖNETİMİ DR. ADİL AKKUŞ | T11: Protokol Eğitimi
C12: 5 | D12: 13:15 - 14:05 | H12: CMM 176 Psikopatik Çağda İnsan | I12: SİMURG SENİOR | J12: POLS 306 (Assoc. Prof. Köni) | L12: SİMURG MASTERCLASS | N12: HUK306 | O12: ETI 110 (Dr. Akbay) | P12: ETI 264 (Doç. Düzgün) | Q12: MYO IHA104 İHA SİSTEMLERİ ÜRETİM VE TESTLERİ | R12: YBS 457 TEDARİK ZİNCİRİ YÖNETİMİ DR. ADİL AKKUŞ | S12: FAD 110 | T12: Protokol Eğitimi
C13: 6 | D13: 14:10 - 15:00 | H13: CMM 176 Psikopatik Çağda İnsan | I13: SİMURG SENİOR | J13: POLS 306 (Assoc. Prof. Köni) | L13: SİMURG MASTERCLASS | N13: HUK306 | O13: ETI 110 (Dr. Akbay) | P13: ETI 264 (Doç. Düzgün) | R13: YBS 457 TEDARİK ZİNCİRİ YÖNETİMİ DR. ADİL AKKUŞ | S13: FAD 110 | T13: Protokol Eğitimi
C14: 7 | D14: 15:20 - 16:10 | G14: CMM 174 Media, Politics and Power | I14: SİMURG SENİOR | K14: GER 202 (01) (Öğr. Gör. Yılmaz) | L14: SİMURG MASTERCLASS | N14: HUK306 | P14: MIS 251 Dr. Koçanlı | S14: FAD 110 | T14: Protokol Eğitimi
C15: 8 | D15: 16:15 - 17:05 | G15: CMM 174 Media, Politics and Power | I15: SİMURG SEÇMELİ RUSÇA | K15: GER 202 (01) (Öğr. Gör. Yılmaz) | N15: HUK306 | P15: MIS 251 Dr. Koçanlı | T15: MATH 102 (Teorik) - Sec 3 (Mustafa Akkaya)
C16: 9 | D16: 17:10 - 18:00 | G16: CMM 174 Media, Politics and Power | K16: GER 202 (01) (Öğr. Gör. Yılmaz) | P16: MIS 251 Dr. Koçanlı | T16: MATH 102 (Teorik) - Sec 3 (Mustafa Akkaya)
C17: 10 | D17: 18.10 - 19.00 | I17: BUS 507 (Assoc. Prof. Topcu) | M17: YBS 504 (Dr. Akkuş)
C18: 11 | D18: 19.10 - 20.00 | I18: BUS 507 (Assoc. Prof. Topcu) | M18: YBS 504 (Dr. Akkuş)
C19: 12 | D19: 20.10 - 21.00 | I19: BUS 507 (Assoc. Prof. Topcu) | M19: YBS 504 (Dr. Akkuş)
B20: Salı | C20: 1 | D20: 09:00 - 09:50 | H20: MIS 469 (Dr. Kandemir) | I20: POLS 352 (Dr. Emir) | K20: BUS 302 (Dr. Akdemir) | L20: SPAN 302 | N20: HUK304 | O20: BUS 104 (Prof. Eren) | R20: HUK414 | T20: MATH 102 (Teorik) - Sec 1 (Osman Tuncay Başkaya)
C21: 2 | D21: 09:55 - 10:45 | H21: MIS 469 (Dr. Kandemir) | I21: POLS 352 (Dr. Emir) | K21: BUS 302 (Dr. Akdemir) | L21: SPAN 302 | N21: HUK304 | O21: BUS 104 (Prof. Eren) | R21: HUK414 | S21: FAD 320 | T21: MATH 102 (Teorik) - Sec 1 (Osman Tuncay Başkaya)
C22: 3 | D22: 10:50 - 11:40 | H22: MIS 469 (Dr. Kandemir) | I22: POLS 352 (Dr. Emir) | J22: OC 154 | K22: BUS 302 (Dr. Akdemir) | L22: SPAN 302 | N22: HUK304 | O22: BUS 104 (Prof. Eren) | R22: HUK414 | S22: FAD 320
C23: 4 | D23: 12:20 - 13:10 | G23: MIS 363 (Assoc. Prof. Metin) | H23: YBS 352 SOSYAL GİRİŞİMCİLİK FUAT GÜNEY | I23: SPAN 202 | K23: BUS 202 (Dr. Özgül) | L23: ENG 202 - 02 (PSY) | M23: YBS 322 KARAR DESTEK SİSTEMLERİ DR. FATMA DEMİR ERKUL | N23: HUK308 | O23: PSİ 480 (Dr. Yeşi Kocagazioğlu) | P23: CMM 202 Technical Communication & Project Design | Q23: ETI 104 (Dr. Akbay) | S23: FAD 320 | T23: PHY 102 (Teorik) - Sec 3(Vedat Tanrıverdi) | U23: OC 106 ANKARA
C24: 5 | D24: 13:15 - 14:05 | G24: MIS 363 (Assoc. Prof. Metin) | H24: YBS 352 SOSYAL GİRİŞİMCİLİK FUAT GÜNEY | I24: SPAN 202 | J24: SİMURG 2. DÖNEM | K24: BUS 202 (Dr. Özgül) | L24: ENG 202 - 02 (PSY) | M24: YBS 322 KARAR DESTEK SİSTEMLERİ DR. FATMA DEMİR ERKUL | N24: HUK308 | O24: PSİ 480 (Dr. Yeşi Kocagazioğlu) | P24: CMM 202 Technical Communication & Project Design | Q24: ETI 104 (Dr. Akbay) | R24: HUK404 | T24: PHY 102 (Teorik) - Sec 3(Vedat Tanrıverdi)
C25: 6 | D25: 14:10 - 15:00 | G25: MIS 363 (Assoc. Prof. Metin) | H25: YBS 352 SOSYAL GİRİŞİMCİLİK FUAT GÜNEY | I25: SPAN 202 | J25: SİMURG 2. DÖNEM | K25: BUS 202 (Dr. Özgül) | M25: YBS 322 KARAR DESTEK SİSTEMLERİ DR. FATMA DEMİR ERKUL | N25: HUK308 | O25: PSİ 480 (Dr. Yeşi Kocagazioğlu) | P25: CMM 202 Technical Communication & Project Design | Q25: ETI 104 (Dr. Akbay) | R25: HUK404 | T25: PHY 102 (Teorik) - Sec 3(Vedat Tanrıverdi)
C26: 7 | D26: 15:20 - 16:10 | G26: CMM 208 Turkish Political History | H26: PSİ 451 | I26: OC 174 Advanced English Speaking | J26: SİMURG 2. DÖNEM | K26: OC 174 Advanced English Speaking | R26: HUK404 | S26: FAD 332 | T26: MATH 102 (Teorik) - Sec 2 (Osman Tuncay Başkaya)
C27: 8 | D27: 16:15 - 17:05 | G27: CMM 208 Turkish Political History | H27: PSİ 451 | J27: SİMURG 2. DÖNEM | K27: OC 174 Advanced English Speaking | S27: FAD 332 | T27: MATH 102 (Teorik) - Sec 2 (Osman Tuncay Başkaya)
C28: 9 | D28: 17:10 - 18:00 | G28: CMM 208 Turkish Political History | H28: PSİ 451 | K28: OC 174 Advanced English Speaking | S28: FAD 332
C29: 10 | D29: 18.10 - 19.00 | M29: CMM 900 Turkish for International Students
C30: 11 | D30: 19.10- 20.00 | M30: CMM 900 Turkish for International Students
C31: 12 | D31: 20.10 - 21.00 | M31: CMM 900 Turkish for International Students
B32: Çarşamba | C32: 1 | D32: 09:00 - 09:50 | G32: MIS 362 (Lect. Yolcu) | H32: PSİ 454 | J32: MIS 458 Dr. Gerdan | K32: POLS 302 (Assoc. Prof. Köni) | L32: ETI 362 (Doç. Düzgün) | M32: SOC 102 (Prof. Kes Erkul) | N32: HUK312 | O32: MIS 457 (Prof. Meydan) | P32: ETI 202 (Dr. Acar) | R32: HUK408
C33: 2 | D33: 09:55 - 10:45 | G33: MIS 362 (Lect. Yolcu) | H33: PSİ 454 | J33: MIS 458 Dr. Gerdan | K33: POLS 302 (Assoc. Prof. Köni) | L33: ETI 362 (Doç. Düzgün) | M33: SOC 102 (Prof. Kes Erkul) | N33: HUK312 | O33: MIS 457 (Prof. Meydan) | P33: ETI 202 (Dr. Acar) | R33: HUK408
C34: 3 | D34: 10:50 - 11:40 | G34: MIS 362 (Lect. Yolcu) | H34: PSİ 454 | I34: OC 153 Psikolojik Destek | J34: MIS 458 Dr. Gerdan | K34: POLS 302 (Assoc. Prof. Köni) | L34: ETI 362 (Doç. Düzgün) | M34: SOC 102 (Prof. Kes Erkul) | N34: HUK312 | O34: MIS 457 (Prof. Meydan) | P34: ETI 202 (Dr. Acar) | R34: HUK408
C35: 4 | D35: 12:20 - 13:10 | G35: POLS 308 (Dr. Aslaner) | I35: SİMURG SENİOR | J35: MIS 322 Dr. Erkul | K35: BUS 308 (Dr. Akdemir) | L35: ENG302-03 (TR YBS) | M35: ETI 376 (Dr. Acar) | N35: HUK312 | O35: MIS 112 (Prof. Meydan) | P35: ENG 302 - 01 (PSY.) | Q35: FLM 302 | S35: PSY 109
C36: 5 | D36: 13:15 - 14:05 | G36: POLS 308 (Dr. Aslaner) | H36: HUK308 | I36: SİMURG SENİOR | J36: MIS 322 Dr. Erkul | K36: BUS 308 (Dr. Akdemir) | L36: ENG302-03 (TR YBS) | M36: ETI 376 (Dr. Acar) | N36: OC 118 | O36: MIS 112 (Prof. Meydan) | P36: ENG 302 - 01 (PSY.) | Q36: FLM 302 | R36: HUK412 | S36: PSY 109 | T36: MATH 101 (Teorik) - Sec 1(Mustafa Akkaya)
C37: 6 | D37: 14:10 - 15:00 | G37: POLS 308 (Dr. Aslaner) | H37: HUK308 | I37: SİMURG SENİOR | J37: MIS 322 Dr. Erkul | K37: BUS 308 (Dr. Akdemir) | M37: ETI 376 (Dr. Acar) | N37: HUK308 | O37: MIS 112 (Prof. Meydan) | Q37: FLM 302 | R37: HUK412 | S37: PSY 109 | T37: MATH 101 (Teorik) - Sec 1(Mustafa Akkaya)
C38: 7 | D38: 15:20 - 16:10 | G38: YBS 362 MÜZAKERE TEKNİKLERİ DOÇ.DR. MÜNEVVER BAYAR | I38: SİMURG SENİOR | K38: GER 202 (02) (Öğr. Gör. Yılmaz) | M38: POLS 214 (Dr. Değirmenci) | N38: HUK308 | O38: CMM 186 İklim Değişikliği ve Ekonomi | R38: HUK412 | T38: MYO - IHA102 İTKİ SİSTEMİ SEÇİMİ VE TASARIMI
C39: 8 | D39: 16:15 - 17:05 | G39: YBS 362 MÜZAKERE TEKNİKLERİ DOÇ.DR. MÜNEVVER BAYAR | K39: GER 202 (02) (Öğr. Gör. Yılmaz) | L39: OC 166 Diksiyon | M39: POLS 214 (Dr. Değirmenci) | O39: CMM 186 İklim Değişikliği ve Ekonomi | T39: MYO - IHA102 İTKİ SİSTEMİ SEÇİMİ VE TASARIMI
C40: 9 | D40: 17:10 - 18:00 | G40: YBS 362 MÜZAKERE TEKNİKLERİ DOÇ.DR. MÜNEVVER BAYAR | I40: SİMURG SEÇMELİ İLETİŞİM | K40: GER 202 (02) (Öğr. Gör. Yılmaz) | M40: POLS 214 (Dr. Değirmenci) | O40: CMM 186 İklim Değişikliği ve Ekonomi | T40: MYO - IHA102 İTKİ SİSTEMİ SEÇİMİ VE TASARIMI
C41: 10 | D41: 18.10 - 19.00 | I41: ISL 512 (Prof. Meydan)
C42: 11 | D42: 19.10 - 20.00 | I42: ISL 512 (Prof. Meydan)
C43: 12 | D43: 20.10 - 21.00 | I43: ISL 512 (Prof. Meydan)
B44: Perşembe | C44: 1 | D44: 09:00 - 09:50 | G44: SPAN 302 (Öğr. Gör. Ersoy) | H44: YBS 312 BİLGİ SİSTEMLERİ DR. MURAT BAŞEĞMEZ | J44: BUS 206 (Dr. Kalkan) | M44: POLS 216 (Dr. Vural) | N44: HUK316 | O44: YBS 212 Dr. Aykaç | S44: FAD 104 | T44: MATH 102 (Teorik) - Sec 2(Osman Tuncay Başkaya)
C45: 2 | D45: 09:55 - 10:45 | G45: SPAN 302 (Öğr. Gör. Ersoy) | H45: YBS 312 BİLGİ SİSTEMLERİ DR. MURAT BAŞEĞMEZ | I45: 07.05.2026-DOLU | J45: BUS 206 (Dr. Kalkan) | L45: HUK410 | M45: POLS 216 (Dr. Vural) | N45: HUK316 | O45: YBS 212 Dr. Aykaç | R45: HUK410 | S45: FAD 104 | T45: MATH 102 (Teorik) - Sec 2(Osman Tuncay Başkaya)
C46: 3 | D46: 10:50 - 11:40 | G46: SPAN 302 (Öğr. Gör. Ersoy) | H46: YBS 312 BİLGİ SİSTEMLERİ DR. MURAT BAŞEĞMEZ | I46: 07.05.2026-DOLU | J46: BUS 206 (Dr. Kalkan) | K46: OC 170 | L46: HUK410 | M46: POLS 216 (Dr. Vural) | N46: HUK316 | O46: YBS 212 Dr. Aykaç | R46: HUK410 | S46: FAD 104
C47: 4 | D47: 12:20 - 13:10 | G47: POLS 102 (Assoc. Prof. Köni) | H47: PSY 454 | I47: 07.05.2026-DOLU | J47: SİMURG 2. DÖNEM | K47: BUS 210 (Dr. Kalkan) | L47: POLS 262 (Dr. Balcı) | M47: ETI 316 (Dr. Saki Demirel) | N47: OC 164 | O47: YBS 232 AĞ GÜVENLİĞİ A.SAMET YÜZLÜ | P47: MIS 212 (Dr. Özgül) | S47: FAD 104 | T47: PHY 102 (Teorik) - Sec 1(Vedat Tanrıverdi)
C48: 5 | D48: 13:15 - 14:05 | G48: POLS 102 (Assoc. Prof. Köni) | H48: PSY 454 | J48: SİMURG 2. DÖNEM | K48: BUS 210 (Dr. Kalkan) | L48: POLS 262 (Dr. Balcı) | M48: ETI 316 (Dr. Saki Demirel) | N48: HUK406 | O48: YBS 232 AĞ GÜVENLİĞİ A.SAMET YÜZLÜ | P48: MIS 212 (Dr. Özgül) | R48: OC Hakikat | S48: FLM 206 | T48: PHY 102 (Teorik) - Sec 1(Vedat Tanrıverdi) | U48: OC HAKİKAT
C49: 6 | D49: 14:10 - 15:00 | G49: POLS 102 (Assoc. Prof. Köni) | H49: PSY 454 | J49: SİMURG 2. DÖNEM | K49: BUS 210 (Dr. Kalkan) | L49: POLS 262 (Dr. Balcı) | M49: ETI 316 (Dr. Saki Demirel) | N49: HUK406 | O49: YBS 232 AĞ GÜVENLİĞİ A.SAMET YÜZLÜ | P49: MIS 212 (Dr. Özgül) | S49: FLM 206 | T49: PHY 102 (Teorik) - Sec 1(Vedat Tanrıverdi)
C50: 7 | D50: 15:20 - 16:10 | G50: SPAN 202 (Öğr. Gör. Ersoy) | I50: FR 102 (Öğr. Gör. Alpar Kutlucan) | J50: SİMURG 2. DÖNEM | L50: ETI 402 (Dr. Düzgün) | N50: HUK406 | O50: YBS 222 OLASILIK VE İSTATİSTİK II DR. M.ALPER AKDEMİR | P50: ETI 212 (Dr. Saki Demirel) | Q50: MYO - TAP222 Görsel Yapımlar İçin Ses Prodüksiyonu | S50: FLM 206 | T50: MATH 102 (Teorik) - Sec 1(Osman Tuncay Başkaya)
C51: 8 | D51: 16:15 - 17:05 | G51: SPAN 202 (Öğr. Gör. Ersoy) | I51: FR 102 (Öğr. Gör. Alpar Kutlucan) | J51: SİMURG SEÇMELİ İNGİLİZCE | L51: ETI 402 (Dr. Düzgün) | O51: YBS 222 OLASILIK VE İSTATİSTİK II DR. M.ALPER AKDEMİR | P51: ETI 212 (Dr. Saki Demirel) | Q51: MYO - TAP222 Görsel Yapımlar İçin Ses Prodüksiyonu | S51: FLM 206 | T51: MATH 102 (Teorik) - Sec 1(Osman Tuncay Başkaya)
C52: 9 | D52: 17:10 - 18:00 | G52: SPAN 202 (Öğr. Gör. Ersoy) | I52: FR 102 (Öğr. Gör. Alpar Kutlucan) | L52: ETI 402 (Dr. Düzgün) | O52: YBS 222 OLASILIK VE İSTATİSTİK II DR. M.ALPER AKDEMİR | P52: ETI 212 (Dr. Saki Demirel) | Q52: MYO - TAP222 Görsel Yapımlar İçin Ses Prodüksiyonu
C53: 10 | D53: 18.10 - 19.00 | I53: MIS 512 (Dr. Kalkan) | M53: ISL 514 (Dr. Bağcı)
C54: 11 | D54: 19.10- 20.00 | I54: MIS 512 (Dr. Kalkan) | M54: ISL 514 (Dr. Bağcı)
C55: 12 | D55: 20.10 - 21.00 | I55: MIS 512 (Dr. Kalkan) | M55: ISL 514 (Dr. Bağcı)
B56: Cuma | C56: 1 | D56: 09:00 - 09:50 | G56: GER 102 (01) (Öğr. Gör. Yılmaz) | H56: KOR 102 (Öğr. Gör. Yıldız) | I56: POLS 354 (Prof. Kes Erkul) | J56: SPAN 102 (01) (Öğr. Gör. Ersoy) | K56: POLS 212 (Assoc. Prof. Koni) | L56: MIS 364 Multinational and National Statistical Systems | M56: BUS 208 (Dr. Aykaç) | N56: HUK302 | O56: POLS 106 (Prof. Osra) | P56: MIS 232 (Dr. Sarı) | S56: FAD 330 | T56: MATH 102 (Teorik) - Sec 3 (Mustafa Akkaya)
C57: 2 | D57: 09:55 - 10:45 | G57: GER 102 (01) (Öğr. Gör. Yılmaz) | H57: KOR 102 (Öğr. Gör. Yıldız) | I57: POLS 354 (Prof. Kes Erkul) | J57: SPAN 102 (01) (Öğr. Gör. Ersoy) | K57: POLS 212 (Assoc. Prof. Koni) | L57: MIS 364 Multinational and National Statistical Systems | M57: BUS 208 (Dr. Aykaç) | N57: HUK302 | O57: POLS 106 (Prof. Osra) | P57: MIS 232 (Dr. Sarı) | S57: FAD 330 | T57: MATH 102 (Teorik) - Sec 3 (Mustafa Akkaya)
C58: 3 | D58: 10:50 - 11:40 | G58: GER 102 (01) (Öğr. Gör. Yılmaz) | H58: KOR 102 (Öğr. Gör. Yıldız) | I58: POLS 354 (Prof. Kes Erkul) | J58: SPAN 102 (01) (Öğr. Gör. Ersoy) | K58: POLS 212 (Assoc. Prof. Koni) | L58: MIS 364 Multinational and National Statistical Systems | M58: BUS 208 (Dr. Aykaç) | N58: HUK302 | O58: POLS 106 (Prof. Osra) | P58: MIS 232 (Dr. Sarı) | S58: FAD 330
C59: 4 | D59: 12:20 - 13:10 | L59: PSY 342 (telafi) | N59: HUK302 | S59: FAD 330
C60: 5 | D60: 13:15 - 14:05 | L60: PSY 342 (telafi) | N60: SEC318
C61: 6 | D61: 14:10 - 15:00 | I61: OC 174 Advanced English Speaking | M61: POLS 108 (Dr. Balcı) | N61: SEC318
C62: 7 | D62: 15:20 - 16:10 | G62: GER 102 (02) (Öğr. Gör. Yılmaz) | I62: OC 174 Advanced English Speaking | J62: SPAN 102 (02) (Öğr. Gör. Ersoy) | M62: POLS 108 (Dr. Balcı) | N62: SEC318 | O62: YBS 242 YBS İÇİN VERİ TABANI DR. GÜLÇİN ADIYAMAN | P62: MIS 468 (Dr. Erek) | T62: PHY 102 (Teorik) - Sec 2(Vedat Tanrıverdi)
C63: 8 | D63: 16:15 - 17:05 | G63: GER 102 (02) (Öğr. Gör. Yılmaz) | I63: OC 174 Advanced English Speaking | J63: SPAN 102 (02) (Öğr. Gör. Ersoy) | M63: POLS 108 (Dr. Balcı) | O63: YBS 242 YBS İÇİN VERİ TABANI DR. GÜLÇİN ADIYAMAN | P63: MIS 468 (Dr. Erek) | T63: PHY 102 (Teorik) - Sec 2(Vedat Tanrıverdi)
C64: 9 | D64: 17:10 - 18:00 | G64: GER 102 (02) (Öğr. Gör. Yılmaz) | J64: SPAN 102 (02) (Öğr. Gör. Ersoy) | O64: YBS 242 YBS İÇİN VERİ TABANI DR. GÜLÇİN ADIYAMAN | P64: MIS 468 (Dr. Erek) | T64: PHY 102 (Teorik) - Sec 2(Vedat Tanrıverdi)
C65: 10 | D65: 18.10 - 19.00 | I65: MIS 510 (Dr. Özgül) | M65: YBS 518 (Dr. Künye Polat)
C66: 11 | D66: 19.10 - 20.00 | I66: MIS 510 (Dr. Özgül) | M66: YBS 518 (Dr. Künye Polat)
C67: 12 | D67: 20.10 - 21.00 | I67: MIS 510 (Dr. Özgül) | M67: YBS 518 (Dr. Künye Polat)
B68: Cumartesi | C68: 1 | D68: 09:00 - 09:50 | V68: ENG 102 - 04 (TR -ITBF+PSY+HUKUK)
C69: 2 | D69: 09:55 - 10:45 | V69: ENG 102 - 04 (TR-ITBF+PSY+HUKUK)
C70: 3 | D70: 10:50 - 11:40 | V70: ENG 202 - 14 (HUKUK)
C71: 4 | D71: 12:20 - 13:10 | V71: ENG 202 - 14 (HUKUK)
C72: 5 | D72: 13:15 - 14:05
C73: 6 | D73: 14:10 - 15:00
C74: 7 | D74: 15:20 - 16:10
C75: 8 | D75: 16:15 - 17:05
C76: 9 | D76: 17:10 - 18:00
C77: 10 | D77: 18.10 - 19.00
C78: 11 | D78: 19.10- 20.00
C79: 12 | D79: 20.10 - 21.00
B80: Derslik Kullanım Oranı | E80: =COUNTA(E8:E64)/45 -> 0 | F80: =COUNTA(F8:F64)/45 -> 0 | G80: =COUNTA(G8:G64)/45 -> 0.73333333 | H80: =COUNTA(H8:H64)/45 -> 0.64444444 | I80: =COUNTA(I8:I64)/45 -> 0.93333333 | J80: =COUNTA(J8:J64)/45 -> 0.68888889 | K80: =COUNTA(K8:K64)/45 -> 0.68888889 | L80: =COUNTA(L8:L64)/45 -> 0.64444444 | ... Y80: =COUNTA(Y8:Y64)/45 -> 0
B83: Gün | C83: Saat | E83: C 101 | F83: C 102 | G83: C 103 | H83: C 104 | I83: C 109 | J83: C 113 | K83: C 114 | L83: L 115 | M83: L 121 | N83: C 122 | O83: C 123 | P83: C 130 | Q83: C 131 | R83: C 132 | S83: L 139 | T83: L 140 | U83: L 141 | V83: L 142 | W83: L 143
E84: HF | F84: GSTF | G84: İTBF | H84: İTBF | I84: İTBF | J84: İTBF | K84: Hazırlık Okulu | L84: GSTF BİLG LAB 4 | M84: ORTAK BIL LAB | N84: Hazırlık Okulu | O84: Hazırlık Okulu | P84: Hazırlık Okulu | Q84: Hazırlık Okulu | R84: Hazırlık Okulu | S84: SHGM sınav merkezi | T84: MMF EEE Lab | U84: MMF Bilgisayar Lab | V84: MMF Bilg Lab | W84: MMF-Fizik Lab
A85: YBS | B85: Pazartesi | C85: 1 | D85: 09:00 - 09:50 | H85: PSY 453 | L85: FAD 308 | M85: YBS 142 JAVA DOÇ.DR.GÜNEY GÜRSEL | U85: MYO BGT 104 SANALLAŞTIRMA VE BULUT TEKNOLOJİLERİ Ş1 | V85: MYO BGT 102 GÜVENLİ AĞ TASARIMI VE CİHAZ YÖNETİMİ Ş1
C86: 2 | D86: 09:55 - 10:45 | H86: PSY 453 | I86: ENG 302 - 09 | L86: FAD 308 | M86: YBS 142 JAVA DOÇ.DR.GÜNEY GÜRSEL | T86: MYO - İHA204 MİKRODENETLEYİCİLER | U86: MYO BGT 104 SANALLAŞTIRMA VE BULUT TEKNOLOJİLERİ Ş1 | V86: MYO BGT 102 GÜVENLİ AĞ TASARIMI VE CİHAZ YÖNETİMİ Ş1
C87: 3 | D87: 10:50 - 11:40 | H87: PSY 453 | I87: ENG 302 - 09 | L87: FAD 308 | M87: YBS 142 JAVA DOÇ.DR.GÜNEY GÜRSEL | T87: MYO - İHA204 MİKRODENETLEYİCİLER | U87: MYO BGT 104 SANALLAŞTIRMA VE BULUT TEKNOLOJİLERİ Ş1 | V87: MYO BGT 102 GÜVENLİ AĞ TASARIMI VE CİHAZ YÖNETİMİ Ş1
C88: 4 | D88: 12:20 - 13:10 | H88: POLS 264 (Dr. Balcı) | I88: PSİ 221 | L88: FAD 308 | M88: MYO - VTK 206 Web Analitiği ve Zekası | U88: MYO - BIL 224 Algoritma ve Programlama ş1 | V88: MYO - İHA204 MİKRODENETLEYİCİLER
C89: 5 | D89: 13:15 - 14:05 | H89: POLS 264 (Dr. Balcı) | I89: PSİ 221 | M89: MYO - VTK 206 Web Analitiği ve Zekası | T89: MYO - IHA112 TEMEL ELEKTRİK ve ELEKTRONİK ş1 | U89: MYO - BIL 224 Algoritma ve Programlama ş1 | V89: MYO - İHA204 MİKRODENETLEYİCİLER
C90: 6 | D90: 14:10 - 15:00 | F90: FAD 464 | H90: POLS 264 (Dr. Balcı) | I90: PSİ 221 | J90: ENG 202 - 07 (TR PSK. ) | M90: MYO - VTK 206 Web Analitiği ve Zekası | T90: MYO - IHA112 TEMEL ELEKTRİK ve ELEKTRONİK ş1 | U90: MYO - BIL 224 Algoritma ve Programlama ş1
C91: 7 | D91: 15:20 - 16:10 | F91: FAD 464 | H91: CMM 178 | J91: ENG 202 - 07 (TR PSK.) | U91: CENG 101 (Lab) - Sec 1 (Halil Özmen) | V91: EEE 482 (Teorik) - Sec 1 (Mahmut Mol)
C92: 8 | D92: 16:15 - 17:05 | F92: FAD 464 | H92: CMM 178 | U92: CENG 101 (Lab) - Sec 1 (Halil Özmen) | V92: EEE 482 (Teorik) - Sec 1 (Mahmut Mol)
C93: 9 | D93: 17:10 - 18:00 | H93: CMM 178 | V93: EEE 482 (Teorik) - Sec 1 (Mahmut Mol)
C94: 10 | D94: 18.10 - 19.00
C95: 11 | D95: 19.10 - 20.00
C96: 12 | D96: 20.10 - 21.00
B97: Salı | C97: 1 | D97: 09:00 - 09:50 | E97: HUK414 | H97: PSY 453 | L97: IAD 104 (Dr. Nihan Türker) | M97: İTBF | U97: MYO - BIL 122 JAVA İLE PROGRAMLAMA II U Ş1 | V97: İTBF
C98: 2 | D98: 09:55 - 10:45 | E98: HUK414 | H98: PSY 453 | I98: ENG 202 - 06 (TR PSK. ) | J98: ENG 202 - 01 (YBS) | L98: IAD 104 (Dr. Nihan Türker) | M98: İTBF | U98: MYO - BIL 122 JAVA İLE PROGRAMLAMA II U Ş1 | V98: İTBF
C99: 3 | D99: 10:50 - 11:40 | E99: HUK414 | H99: PSY 453 | I99: ENG 202 - 06 ( TR PSK. ) | J99: ENG 202 - 01 (YBS) | L99: IAD 104 (Dr. Nihan Türker) | M99: İTBF | U99: MYO - BIL 122 JAVA İLE PROGRAMLAMA II U Ş2 | V99: İTBF
C100: 4 | D100: 12:20 - 13:10 | H100: ENG 102 - 03 (ITBF) | I100: PSY 313 | J100: MIS 132 (Prof. Eren) | L100: IAD 104 (Dr. Nihan Türker) | M100: MIS 260 (Assoc. Prof. Erdoğan) | U100: MYO - BIL 122 JAVA İLE PROGRAMLAMA II U Ş2 | V100: İTBF
C101: 5 | D101: 13:15 - 14:05 | E101: HUK404 | H101: ENG 102 - 03 (ITBF) | I101: PSY 313 | J101: MIS 132 (Prof. Eren) | M101: MIS 260 (Assoc. Prof. Erdoğan) | U101: BM 102 (Lab) - Sec 1 (Hasan Karaaslan) | V101: BM 332 (Lab) - Sec 1
C102: 6 | D102: 14:10 - 15:00 | E102: HUK404 | I102: PSY 313 | J102: MIS 132 (Prof. Eren) | L102: FAD 108 | M102: MIS 260 (Assoc. Prof. Erdoğan) | U102: BM 102 (Lab) - Sec 1 (Hasan Karaaslan) | V102: BM 332 (Lab) - Sec 1
C103: 7 | D103: 15:20 - 16:10 | E103: HUK404 | H103: PSY 342 | I103: PSİ 455 | J103: PSİ 455 | L103: FAD 108 | M103: İTBF | T103: MYO - IHA112 TEMEL ELEKTRİK ve ELEKTRONİK ş2 | U103: MYO - BIL 122 JAVA İLE PROGRAMLAMA II U Ş3 | V103: İTBF
C104: 8 | D104: 16:15 - 17:05 | H104: PSY 342 | I104: PSİ 455 | J104: PSİ 455 | L104: FAD 108 | M104: İTBF | T104: MYO - IHA112 TEMEL ELEKTRİK ve ELEKTRONİK ş2 | U104: MYO - BIL 122 JAVA İLE PROGRAMLAMA II U Ş3 | V104: İTBF
...

Sheet LECTURE HALL 5
A1: LECTURE HALL 5
A2: Saat/Gün | B2: Pazartesi | C2: Salı | D2: Çarşamba | E2: Perşembe | F2: Cuma
A3: 09.00 - 09.50 | B3: =DERS_PLANI!Z161 -> PSY 102 | C3: =DERS_PLANI!Z173 -> 0 | D3: =DERS_PLANI!Z185 -> YBS 122 İŞLETME MATEMATİĞİ II DR. ADİL AKKUŞ | E3: =DERS_PLANI!Z197 -> 0 | F3: =DERS_PLANI!Y209 -> 0
A4: 09.55 - 10.45 | B4: =DERS_PLANI!Z162 -> PSY 102 | C4: =DERS_PLANI!Z174 -> 0 | D4: =DERS_PLANI!Z186 -> YBS 122 İŞLETME MATEMATİĞİ II DR. ADİL AKKUŞ | E4: =DERS_PLANI!Z198 -> 0 | F4: =DERS_PLANI!Y210 -> CENG 332 (Lab) - Sec 1
A5: 10.50 - 11.40 | B5: =DERS_PLANI!Z163 -> PSY 102 | C5: =DERS_PLANI!Z175 -> Telafi Sınavı | D5: =DERS_PLANI!Z187 -> YBS 122 İŞLETME MATEMATİĞİ II DR. ADİL AKKUŞ | E5: =DERS_PLANI!Z199 -> 0 | F5: =DERS_PLANI!Y211 -> CENG 332 (Lab) - Sec 1
A6: 12.20 - 13.10 | B6: =DERS_PLANI!Z164 -> PSİ 102 | C6: =DERS_PLANI!Z176 -> ETI 104 (Dr. Akbay) | D6: =DERS_PLANI!Z188 -> SURD 106 SÜRDÜRÜLEBİRLİĞE GİRİŞ DR. NESLİHAN KÜNYE POLAT | E6: =DERS_PLANI!Z200 -> psi 221 | F6: =DERS_PLANI!Y212 -> 0
A7: 13.15 - 14.05 | B7: =DERS_PLANI!Z165 -> PSİ 102 | C7: =DERS_PLANI!Z177 -> ETI 104 (Dr. Akbay) | D7: =DERS_PLANI!Z189 -> SURD 106 SÜRDÜRÜLEBİRLİĞE GİRİŞ DR. NESLİHAN KÜNYE POLAT | E7: =DERS_PLANI!Z201 -> psi 221 | F7: =DERS_PLANI!Y213 -> 0
A8: 14.10 - 15.00 | B8: =DERS_PLANI!Z166 -> PSİ 102 | C8: =DERS_PLANI!Z178 -> ETI 104 (Dr. Akbay) | D8: =DERS_PLANI!Z190 -> SURD 106 SÜRDÜRÜLEBİRLİĞE GİRİŞ DR. NESLİHAN KÜNYE POLAT | E8: =DERS_PLANI!Z202 -> psi 221 | F8: =DERS_PLANI!Y214 -> 0
A9: 15.20 - 16.10 | B9: =DERS_PLANI!Z167 -> 0 | C9: =DERS_PLANI!Z179 -> 0 | D9: =DERS_PLANI!Z191 -> ENG 302-04 PSK-TR | E9: =DERS_PLANI!Z203 -> 0 | F9: =DERS_PLANI!Y215 -> BM 332 (Lab) - Sec 1
A10: 16.15 - 17.05 | B10: =DERS_PLANI!Z168 -> 0 | C10: =DERS_PLANI!Z180 -> 0 | D10: =DERS_PLANI!Z192 -> ENG 302-04 PSK-TR | E10: =DERS_PLANI!Z204 -> 0 | F10: =DERS_PLANI!Y216 -> BM 332 (Lab) - Sec 1
A11: 17.10 - 18.00 | B11: =DERS_PLANI!Z169 -> 0 | C11: =DERS_PLANI!Z181 -> 0 | D11: =DERS_PLANI!Z193 -> 0 | E11: =DERS_PLANI!Z205 -> 0 | F11: =DERS_PLANI!Y217 -> 0
A12: 18:10 - 19:00 | B12: =DERS_PLANI!Z170 -> 0 | C12: =DERS_PLANI!Z182 -> 0 | D12: =DERS_PLANI!Z194 -> 0 | E12: =DERS_PLANI!Z206 -> 0 | F12: =DERS_PLANI!Y218 -> 0
A13: 19:10 - 20:00 | B13: =DERS_PLANI!Z171 -> 0 | C13: =DERS_PLANI!Z183 -> 0 | D13: =DERS_PLANI!Z195 -> 0 | E13: =DERS_PLANI!Z207 -> 0 | F13: =DERS_PLANI!Y219 -> 0
A14: 20:10 - 21:00 | B14: =DERS_PLANI!Z172 -> 0 | C14: =DERS_PLANI!Z184 -> 0 | D14: =DERS_PLANI!Z196 -> 0 | E14: =DERS_PLANI!Z208 -> 0 | F14: =DERS_PLANI!Y220 -> 0

Sheet LECTURE HALL 6
A1: LECTURE HALL 6
A2: Saat/Gün | B2: Pazartesi | C2: Salı | D2: Çarşamba | E2: Perşembe | F2: Cuma
A3: 09.00 - 09.50 | B3: =DERS_PLANI!AA161 -> 0 | C3: =DERS_PLANI!AA173 -> 0 | D3: =DERS_PLANI!AA185 -> 0 | E3: =DERS_PLANI!AA197 -> 0 | F3: =DERS_PLANI!AA209 -> 0
A4: 09.55 - 10.45 | B4: =DERS_PLANI!AA162 -> 0 | C4: =DERS_PLANI!AA174 -> 0 | D4: =DERS_PLANI!AA186 -> 0 | E4: =DERS_PLANI!AA198 -> 0 | F4: =DERS_PLANI!AA210 -> 0
A5: 10.50 - 11.40 | B5: =DERS_PLANI!AA163 -> 0 | C5: =DERS_PLANI!AA175 -> 0 | D5: =DERS_PLANI!AA187 -> 0 | E5: =DERS_PLANI!AA199 -> 0 | F5: =DERS_PLANI!AA211 -> 0
A6: 12.20 - 13.10 | B6: =DERS_PLANI!AA164 -> 0 | C6: =DERS_PLANI!AA176 -> 0 | D6: =DERS_PLANI!AA188 -> 0 | E6: =DERS_PLANI!AA200 -> 0 | F6: =DERS_PLANI!AA212 -> 0
A7: 13.15 - 14.05 | B7: =DERS_PLANI!AA165 -> 0 | C7: =DERS_PLANI!AA177 -> 0 | D7: =DERS_PLANI!AA189 -> 0 | E7: =DERS_PLANI!AA201 -> 0 | F7: =DERS_PLANI!AA213 -> 0
A8: 14.10 - 15.00 | B8: =DERS_PLANI!AA166 -> 0 | C8: =DERS_PLANI!AA178 -> 0 | D8: =DERS_PLANI!AA190 -> 0 | E8: =DERS_PLANI!AA202 -> 0 | F8: =DERS_PLANI!AA214 -> 0
A9: 15.20 - 16.10 | B9: =DERS_PLANI!AA167 -> 0 | C9: =DERS_PLANI!AA179 -> 0 | D9: =DERS_PLANI!AA191 -> 0 | E9: =DERS_PLANI!AA203 -> 0 | F9: =DERS_PLANI!AA215 -> 0
A10: 16.15 - 17.05 | B10: =DERS_PLANI!AA168 -> 0 | C10: =DERS_PLANI!AA180 -> 0 | D10: =DERS_PLANI!AA192 -> 0 | E10: =DERS_PLANI!AA204 -> 0 | F10: =DERS_PLANI!AA216 -> 0
A11: 17.10 - 18.00 | B11: =DERS_PLANI!AA169 -> 0 | C11: =DERS_PLANI!AA181 -> 0 | D11: =DERS_PLANI!AA193 -> 0 | E11: =DERS_PLANI!AA205 -> 0 | F11: =DERS_PLANI!AA217 -> 0
A12: 18:10 -19:00 | B12: =DERS_PLANI!AA170 -> 0 | C12: =DERS_PLANI!AA182 -> 0 | D12: =DERS_PLANI!AA194 -> 0 | E12: =DERS_PLANI!AA206 -> 0 | F12: =DERS_PLANI!AA218 -> 0
A13: 19:10 - 20:00 | B13: =DERS_PLANI!AA171 -> 0 | C13: =DERS_PLANI!AA183 -> 0 | D13: =DERS_PLANI!AA195 -> 0 | E13: =DERS_PLANI!AA207 -> 0 | F13: =DERS_PLANI!AA219 -> 0
A14: 20:10 - 21:00 | B14: =DERS_PLANI!AA172 -> 0 | C14: =DERS_PLANI!AA184 -> 0 | D14: =DERS_PLANI!AA196 -> 0 | E14: =DERS_PLANI!AA208 -> 0 | F14: =DERS_PLANI!AA220 -> 0

Sheet LECTURE HALL 7
A1: LECTURE HALL 7
A2: Saat/Gün | B2: Pazartesi | C2: Salı | D2: Çarşamba | E2: Perşembe | F2: Cuma
A3: 09.00 - 09.50 | B3: =DERS_PLANI!AB161 -> 0 | C3: =DERS_PLANI!AB173 -> 0 | D3: =DERS_PLANI!AB185 -> 0 | E3: =DERS_PLANI!AB197 -> 0 | F3: =DERS_PLANI!AB209 -> PSY Telafi Sınavları
A4: 09.55 - 10.45 | B4: =DERS_PLANI!AB162 -> 0 | C4: =DERS_PLANI!AB174 -> 0 | D4: =DERS_PLANI!AB186 -> 0 | E4: =DERS_PLANI!AB198 -> 0 | F4: =DERS_PLANI!AB210 -> PSY Telafi Sınavları
A5: 10.50 - 11.40 | B5: =DERS_PLANI!AB163 -> 0 | C5: =DERS_PLANI!AB175 -> 0 | D5: =DERS_PLANI!AB187 -> 0 | E5: =DERS_PLANI!AB199 -> 0 | F5: =DERS_PLANI!AB211 -> PSY Telafi Sınavları
A6: 12.20 - 13.10 | B6: =DERS_PLANI!AB164 -> 0 | C6: =DERS_PLANI!AB176 -> PSİ 479 | D6: =DERS_PLANI!AB188 -> 0 | E6: =DERS_PLANI!AB200 -> 0 | F6: =DERS_PLANI!AB212 -> 0
A7: 13.15 - 14.05 | B7: =DERS_PLANI!AB165 -> 0 | C7: =DERS_PLANI!AB177 -> PSİ 479 | D7: =DERS_PLANI!AB189 -> 0 | E7: =DERS_PLANI!AB201 -> 0 | F7: =DERS_PLANI!AB213 -> 0
A8: 14.10 - 15.00 | B8: =DERS_PLANI!AB166 -> 0 | C8: =DERS_PLANI!AB178 -> PSİ 479 | D8: =DERS_PLANI!AB190 -> 0 | E8: =DERS_PLANI!AB202 -> 0 | F8: =DERS_PLANI!AB214 -> 0
A9: 15.20 - 16.10 | B9: =DERS_PLANI!AB167 -> 0 | C9: =DERS_PLANI!AB179 -> 0 | D9: =DERS_PLANI!AB191 -> 0 | E9: =DERS_PLANI!AB203 -> 0 | F9: =DERS_PLANI!AB215 -> 0
A10: 16.15 - 17.05 | B10: =DERS_PLANI!AB168 -> 0 | C10: =DERS_PLANI!AB180 -> 0 | D10: =DERS_PLANI!AB192 -> 0 | E10: =DERS_PLANI!AB204 -> 0 | F10: =DERS_PLANI!AB216 -> 0
A11: 17.10 - 18.00 | B11: =DERS_PLANI!AB169 -> 0 | C11: =DERS_PLANI!AB181 -> 0 | D11: =DERS_PLANI!AB193 -> 0 | E11: =DERS_PLANI!AB205 -> 0 | F11: =DERS_PLANI!AB217 -> 0
A12: 18:10 -19:00 | B12: =DERS_PLANI!AB170 -> 0 | C12: =DERS_PLANI!AB182 -> 0 | D12: =DERS_PLANI!AB194 -> 0 | E12: =DERS_PLANI!AB206 -> 0 | F12: =DERS_PLANI!AB218 -> 0
A13: 19:10 - 20:00 | B13: =DERS_PLANI!AB171 -> 0 | C13: =DERS_PLANI!AB183 -> 0 | D13: =DERS_PLANI!AB195 -> 0 | E13: =DERS_PLANI!AB207 -> 0 | F13: =DERS_PLANI!AB219 -> 0
A14: 20:10 - 21:00 | B14: =DERS_PLANI!AB172 -> 0 | C14: =DERS_PLANI!AB184 -> 0 | D14: =DERS_PLANI!AB196 -> 0 | E14: =DERS_PLANI!AB208 -> 0 | F14: =DERS_PLANI!AB220 -> 0

Sheet C 092
A1: C 092
A2: Saat/Gün | B2: Pazartesi | C2: Salı | D2: Çarşamba | E2: Perşembe | F2: Cuma
A3: 09.00 - 09.50 | B3: =DERS_PLANI!AV161 -> 0 | C3: =DERS_PLANI!AV173 -> 0 | D3: =DERS_PLANI!AV185 -> 0 | E3: =DERS_PLANI!AV197 -> 0 | F3: =DERS_PLANI!AV209 -> 0
A4: 09.55 - 10.45 | B4: =DERS_PLANI!AV162 -> 0 | C4: =DERS_PLANI!AV174 -> 0 | D4: =DERS_PLANI!AV186 -> 0 | E4: =DERS_PLANI!AV198 -> 0 | F4: =DERS_PLANI!AV210 -> 0
A5: 10.50 - 11.40 | B5: =DERS_PLANI!AV163 -> 0 | C5: =DERS_PLANI!AV175 -> 0 | D5: =DERS_PLANI!AV187 -> 0 | E5: =DERS_PLANI!AV199 -> 0 | F5: =DERS_PLANI!AV211 -> 0
A6: 12.20 - 13.10 | B6: =DERS_PLANI!AV164 -> 0 | C6: =DERS_PLANI!AV176 -> 0 | D6: =DERS_PLANI!AV188 -> 0 | E6: =DERS_PLANI!AV200 -> 0 | F6: =DERS_PLANI!AV212 -> 0
A7: 13.15 - 14.05 | B7: =DERS_PLANI!AV165 -> 0 | C7: =DERS_PLANI!AV177 -> 0 | D7: =DERS_PLANI!AV189 -> 0 | E7: =DERS_PLANI!AV201 -> 0 | F7: =DERS_PLANI!AV213 -> 0
A8: 14.10 - 15.00 | B8: =DERS_PLANI!AV166 -> 0 | C8: =DERS_PLANI!AV178 -> 0 | D8: =DERS_PLANI!AV190 -> 0 | E8: =DERS_PLANI!AV202 -> 0 | F8: =DERS_PLANI!AV214 -> 0
A9: 15.20 - 16.10 | B9: =DERS_PLANI!AV167 -> 0 | C9: =DERS_PLANI!AV179 -> 0 | D9: =DERS_PLANI!AV191 -> 0 | E9: =DERS_PLANI!AV203 -> 0 | F9: =DERS_PLANI!AV215 -> 0
A10: 16.15 - 17.05 | B10: =DERS_PLANI!AV168 -> 0 | C10: =DERS_PLANI!AV180 -> 0 | D10: =DERS_PLANI!AV192 -> 0 | E10: =DERS_PLANI!AV204 -> 0 | F10: =DERS_PLANI!AV216 -> 0
A11: 17.10 - 18.00 | B11: =DERS_PLANI!AV169 -> 0 | C11: =DERS_PLANI!AV181 -> 0 | D11: =DERS_PLANI!AV193 -> 0 | E11: =DERS_PLANI!AV205 -> 0 | F11: =DERS_PLANI!AV217 -> 0
A12: 18:10 -19:00 | B12: =DERS_PLANI!AV170 -> 0 | C12: =DERS_PLANI!AV182 -> 0 | D12: =DERS_PLANI!AV194 -> 0 | E12: =DERS_PLANI!AV206 -> 0 | F12: =DERS_PLANI!AV218 -> 0
A13: 19:10 - 20:00 | B13: =DERS_PLANI!AV171 -> 0 | C13: =DERS_PLANI!AV183 -> 0 | D13: =DERS_PLANI!AV195 -> 0 | E13: =DERS_PLANI!AV207 -> 0 | F13: =DERS_PLANI!AV219 -> 0
A14: 20:10 - 21:00 | B14: =DERS_PLANI!AV172 -> 0 | C14: =DERS_PLANI!AV184 -> 0 | D14: =DERS_PLANI!AV196 -> 0 | E14: =DERS_PLANI!AV208 -> 0 | F14: =DERS_PLANI!AV220 -> 0

Sheet C 091
A1: C 091
A2: Saat/Gün | B2: Pazartesi | C2: Salı | D2: Çarşamba | E2: Perşembe | F2: Cuma
A3: 09.00 - 09.50 | B3: =DERS_PLANI!AU161 -> 0 | C3: =DERS_PLANI!AU173 -> 0 | D3: =DERS_PLANI!AU185 -> 0 | E3: =DERS_PLANI!AU197 -> 0 | F3: =DERS_PLANI!AV197 -> 0
A4: 09.55 - 10.45 | B4: =DERS_PLANI!AU162 -> 0 | C4: =DERS_PLANI!AU174 -> 0 | D4: =DERS_PLANI!AU186 -> 0 | E4: =DERS_PLANI!AU198 -> 0 | F4: =DERS_PLANI!AV198 -> 0
A5: 10.50 - 11.40 | B5: =DERS_PLANI!AU163 -> 0 | C5: =DERS_PLANI!AU175 -> 0 | D5: =DERS_PLANI!AU187 -> 0 | E5: =DERS_PLANI!AU199 -> 0 | F5: =DERS_PLANI!AV199 -> 0
A6: 12.20 - 13.10 | B6: =DERS_PLANI!AU164 -> 0 | C6: =DERS_PLANI!AU176 -> 0 | D6: =DERS_PLANI!AU188 -> 0 | E6: =DERS_PLANI!AU200 -> 0 | F6: =DERS_PLANI!AV200 -> 0
A7: 13.15 - 14.05 | B7: =DERS_PLANI!AU165 -> 0 | C7: =DERS_PLANI!AU177 -> 0 | D7: =DERS_PLANI!AU189 -> 0 | E7: =DERS_PLANI!AU201 -> 0 | F7: =DERS_PLANI!AV201 -> 0
A8: 14.10 - 15.00 | B8: =DERS_PLANI!AU166 -> 0 | C8: =DERS_PLANI!AU178 -> 0 | D8: =DERS_PLANI!AU190 -> 0 | E8: =DERS_PLANI!AU202 -> 0 | F8: =DERS_PLANI!AV202 -> 0
A9: 15.20 - 16.10 | B9: =DERS_PLANI!AU167 -> 0 | C9: =DERS_PLANI!AU179 -> 0 | D9: =DERS_PLANI!AU191 -> 0 | E9: =DERS_PLANI!AU203 -> 0 | F9: =DERS_PLANI!AV203 -> 0
A10: 16.15 - 17.05 | B10: =DERS_PLANI!AU168 -> 0 | C10: =DERS_PLANI!AU180 -> 0 | D10: =DERS_PLANI!AU192 -> 0 | E10: =DERS_PLANI!AU204 -> 0 | F10: =DERS_PLANI!AV204 -> 0
A11: 17.10 - 18.00 | B11: =DERS_PLANI!AU169 -> 0 | C11: =DERS_PLANI!AU181 -> 0 | D11: =DERS_PLANI!AU193 -> 0 | E11: =DERS_PLANI!AU205 -> 0 | F11: =DERS_PLANI!AV205 -> 0
A12: 18:10 -19:00 | B12: =DERS_PLANI!AU170 -> 0 | C12: =DERS_PLANI!AU182 -> 0 | D12: =DERS_PLANI!AU194 -> 0 | E12: =DERS_PLANI!AU206 -> 0 | F12: =DERS_PLANI!AV206 -> 0
A13: 19:10 - 20:00 | B13: =DERS_PLANI!AU171 -> 0 | C13: =DERS_PLANI!AU183 -> 0 | D13: =DERS_PLANI!AU195 -> 0 | E13: =DERS_PLANI!AU207 -> 0 | F13: =DERS_PLANI!AV207 -> 0
A14: 20:10 - 21:00 | B14: =DERS_PLANI!AU172 -> 0 | C14: =DERS_PLANI!AU184 -> 0 | D14: =DERS_PLANI!AU196 -> 0 | E14: =DERS_PLANI!AU208 -> 0 | F14: =DERS_PLANI!AV208 -> 0

Sheet C 090
A1: C 090
A2: Saat/Gün | B2: Pazartesi | C2: Salı | D2: Çarşamba | E2: Perşembe | F2: Cuma
A3: 09.00 - 09.50 | B3: =DERS_PLANI!AT161 -> MYO - BIL 211 BİLGİSAYARLI İSTATİSTİK Ş1 | C3: =DERS_PLANI!AT173 -> MYO - IHA106 BİLGİSAYAR DESTEKLİ TASARIM ş1 | D3: =DERS_PLANI!AT185 -> MYO - BIL208 MOBİL PROGRAMLAMA ş1 | E3: =DERS_PLANI!AT197 -> MYO - BIL210 VERİ YAPILARI Ş1 | F3: =DERS_PLANI!AT209 -> MYO - TAP 104 BİLGİSAYAR DESTEKLİ TASARIM II Ş3
A4: 09.55 - 10.45 | B4: =DERS_PLANI!AT162 -> MYO - BIL 211 BİLGİSAYARLI İSTATİSTİK Ş1 | C4: =DERS_PLANI!AT174 -> MYO - IHA106 BİLGİSAYAR DESTEKLİ TASARIM ş1 | D4: =DERS_PLANI!AT186 -> MYO - BIL208 MOBİL PROGRAMLAMA ş1 | E4: =DERS_PLANI!AT198 -> MYO - BIL210 VERİ YAPILARI Ş1 | F4: =DERS_PLANI!AT210 -> MYO - TAP 104 BİLGİSAYAR DESTEKLİ TASARIM II Ş3
A5: 10.50 - 11.40 | B5: =DERS_PLANI!AT163 -> MYO - BIL 211 BİLGİSAYARLI İSTATİSTİK Ş1 | C5: =DERS_PLANI!AT175 -> MYO - IHA106 BİLGİSAYAR DESTEKLİ TASARIM ş1 | D5: =DERS_PLANI!AT187 -> MYO - BIL208 MOBİL PROGRAMLAMA ş1 | E5: =DERS_PLANI!AT199 -> MYO - BIL210 VERİ YAPILARI Ş1 | F5: =DERS_PLANI!AT211 -> MYO - TAP 104 BİLGİSAYAR DESTEKLİ TASARIM II Ş3
A6: 12.20 - 13.10 | B6: =DERS_PLANI!AT164 -> MYO -TAP 108 DİJİTAL TASARIM Ş1 | C6: =DERS_PLANI!AT176 -> TAP 204 BİLGİSAYAR DESTEKLİ ANİMASYON II Ş1 | D6: =DERS_PLANI!AT188 -> MYO - BGT 108 WEB GÜVENLİĞİ ş1 | E6: =DERS_PLANI!AT200 -> MYO - BGT 108 WEB GÜVENLİĞİ ş2 | F6: =DERS_PLANI!AT212 -> 0
A7: 13.15 - 14.05 | B7: =DERS_PLANI!AT165 -> MYO -TAP 108 DİJİTAL TASARIM Ş1 | C7: =DERS_PLANI!AT177 -> TAP 204 BİLGİSAYAR DESTEKLİ ANİMASYON II Ş1 | D7: =DERS_PLANI!AT189 -> MYO - BGT 108 WEB GÜVENLİĞİ ş1 | E7: =DERS_PLANI!AT201 -> MYO - BGT 108 WEB GÜVENLİĞİ ş2 | F7: =DERS_PLANI!AT213 -> 0
A8: 14.10 - 15.00 | B8: =DERS_PLANI!AT166 -> MYO -TAP 108 DİJİTAL TASARIM Ş1 | C8: =DERS_PLANI!AT178 -> TAP 204 BİLGİSAYAR DESTEKLİ ANİMASYON II Ş1 | D8: =DERS_PLANI!AT190 -> MYO - BGT 108 WEB GÜVENLİĞİ ş1 | E8: =DERS_PLANI!AT202 -> MYO - BGT 108 WEB GÜVENLİĞİ ş2 | F8: =DERS_PLANI!AT214 -> 0
A9: 15.20 - 16.10 | B9: =DERS_PLANI!AT167 -> MYO -TAP 108 DİJİTAL TASARIM Ş2 | C9: =DERS_PLANI!AT179 -> TAP 204 BİLGİSAYAR DESTEKLİ ANİMASYON II Ş2 | D9: =DERS_PLANI!AT191 -> MYO - BIL208 MOBİL PROGRAMLAMA ş2 | E9: =DERS_PLANI!AT203 -> MYO - VTK 104 Web Okuryazarlığı | F9: =DERS_PLANI!AT215 -> 0
A10: 16.15 - 17.05 | B10: =DERS_PLANI!AT168 -> MYO -TAP 108 DİJİTAL TASARIM Ş2 | C10: =DERS_PLANI!AT180 -> TAP 204 BİLGİSAYAR DESTEKLİ ANİMASYON II Ş2 | D10: =DERS_PLANI!AT192 -> MYO - BIL208 MOBİL PROGRAMLAMA ş2 | E10: =DERS_PLANI!AT204 -> MYO - VTK 104 Web Okuryazarlığı | F10: =DERS_PLANI!AT216 -> 0
A11: 17.10 - 18.00 | B11: =DERS_PLANI!AT169 -> MYO -TAP 108 DİJİTAL TASARIM Ş2 | C11: =DERS_PLANI!AT181 -> TAP 204 BİLGİSAYAR DESTEKLİ ANİMASYON II Ş2 | D11: =DERS_PLANI!AT193 -> MYO - BIL208 MOBİL PROGRAMLAMA ş2 | E11: =DERS_PLANI!AT205 -> MYO - VTK 104 Web Okuryazarlığı | F11: =DERS_PLANI!AT217 -> 0
A12: 18:10 -19:00 | B12: =DERS_PLANI!AT170 -> 0 | C12: =DERS_PLANI!AT182 -> 0 | D12: =DERS_PLANI!AT194 -> 0 | E12: =DERS_PLANI!AT206 -> 0 | F12: =DERS_PLANI!AT218 -> 0
A13: 19:10 - 20:00 | B13: =DERS_PLANI!AT171 -> 0 | C13: =DERS_PLANI!AT183 -> 0 | D13: =DERS_PLANI!AT195 -> 0 | E13: =DERS_PLANI!AT207 -> 0 | F13: =DERS_PLANI!AT219 -> 0
A14: 20:10 - 21:00 | B14: =DERS_PLANI!AT172 -> 0 | C14: =DERS_PLANI!AT184 -> 0 | D14: =DERS_PLANI!AT196 -> 0 | E14: =DERS_PLANI!AT208 -> 0 | F14: =DERS_PLANI!AT220 -> 0

Sheet C 089
A1: C 089
A2: Saat/Gün | B2: Pazartesi | C2: Salı | D2: Çarşamba | E2: Perşembe | F2: Cuma
A3: 09.00 - 09.50 | B3: =DERS_PLANI!AS161 -> MYO - BIL 215 Nesne Tabanli Programlama II Ş1 | C3: =DERS_PLANI!AS173 -> MYO - VTK 108 İleri Web Tasarımı | D3: =DERS_PLANI!AS185 -> MYO - IHA106 BİLGİSAYAR DESTEKLİ TASARIM ş2 | E3: =DERS_PLANI!AS197 -> MYO - TAP 102 GRAFİK VE ANİMASYON Ş1 | F3: =DERS_PLANI!AS209 -> MYO - BIL 201 Görsel Programlama II Ş2
A4: 09.55 - 10.45 | B4: =DERS_PLANI!AS162 -> MYO - BIL 215 Nesne Tabanli Programlama II Ş1 | C4: =DERS_PLANI!AS174 -> MYO - VTK 108 İleri Web Tasarımı | D4: =DERS_PLANI!AS186 -> MYO - IHA106 BİLGİSAYAR DESTEKLİ TASARIM ş2 | E4: =DERS_PLANI!AS198 -> MYO - TAP 102 GRAFİK VE ANİMASYON Ş1 | F4: =DERS_PLANI!AS210 -> MYO - BIL 201 Görsel Programlama II Ş2
A5: 10.50 - 11.40 | B5: =DERS_PLANI!AS163 -> MYO - BIL 215 Nesne Tabanli Programlama II Ş1 | C5: =DERS_PLANI!AS175 -> MYO - VTK 108 İleri Web Tasarımı | D5: =DERS_PLANI!AS187 -> MYO - IHA106 BİLGİSAYAR DESTEKLİ TASARIM ş2 | E5: =DERS_PLANI!AS199 -> MYO - TAP 102 GRAFİK VE ANİMASYON Ş1 | F5: =DERS_PLANI!AS211 -> MYO - BIL 201 Görsel Programlama II Ş2
A6: 12.20 - 13.10 | B6: =DERS_PLANI!AS164 -> MYO - TAP 104 BİLGİSAYAR DESTEKLİ TASARIM II Ş1 | C6: =DERS_PLANI!AS176 -> MYO - TAP 208 İLLUSTRASYON Ş1 | D6: =DERS_PLANI!AS188 -> MYO - BGT 102 GÜVENLİ AĞ TASARIMI VE CİHAZ YÖNETİMİ ş2 | E6: =DERS_PLANI!AS200 -> MYO - TAP 102 GRAFİK VE ANİMASYON Ş2 | F6: =DERS_PLANI!AS212 -> 0
A7: 13.15 - 14.05 | B7: =DERS_PLANI!AS165 -> MYO - TAP 104 BİLGİSAYAR DESTEKLİ TASARIM II Ş1 | C7: =DERS_PLANI!AS177 -> MYO - TAP 208 İLLUSTRASYON Ş1 | D7: =DERS_PLANI!AS189 -> MYO - BGT 102 GÜVENLİ AĞ TASARIMI VE CİHAZ YÖNETİMİ ş2 | E7: =DERS_PLANI!AS201 -> MYO - TAP 102 GRAFİK VE ANİMASYON Ş2 | F7: =DERS_PLANI!AS213 -> 0
A8: 14.10 - 15.00 | B8: =DERS_PLANI!AS166 -> MYO - TAP 104 BİLGİSAYAR DESTEKLİ TASARIM II Ş1 | C8: =DERS_PLANI!AS178 -> MYO - TAP 208 İLLUSTRASYON Ş1 | D8: =DERS_PLANI!AS190 -> MYO - BGT 102 GÜVENLİ AĞ TASARIMI VE CİHAZ YÖNETİMİ ş2 | E8: =DERS_PLANI!AS202 -> MYO - TAP 102 GRAFİK VE ANİMASYON Ş2 | F8: =DERS_PLANI!AS214 -> 0
A9: 15.20 - 16.10 | B9: =DERS_PLANI!AS167 -> MYO - TAP 104 BİLGİSAYAR DESTEKLİ TASARIM II Ş2 | C9: =DERS_PLANI!AS179 -> MYO - TAP 208 İLLUSTRASYON Ş2 | D9: =DERS_PLANI!AS191 -> CMM152 | E9: =DERS_PLANI!AS203 -> MYO - BIL 201 Görsel Programlama II Ş1 | F9: =DERS_PLANI!AS215 -> 0
A10: 16.15 - 17.05 | B10: =DERS_PLANI!AS168 -> MYO - TAP 104 BİLGİSAYAR DESTEKLİ TASARIM II Ş2 | C10: =DERS_PLANI!AS180 -> MYO - TAP 208 İLLUSTRASYON Ş2 | D10: =DERS_PLANI!AS192 -> CMM152 | E10: =DERS_PLANI!AS204 -> MYO - BIL 201 Görsel Programlama II Ş1 | F10: =DERS_PLANI!AS216 -> 0
A11: 17.10 - 18.00 | B11: =DERS_PLANI!AS169 -> MYO - TAP 104 BİLGİSAYAR DESTEKLİ TASARIM II Ş2 | C11: =DERS_PLANI!AS181 -> MYO - TAP 208 İLLUSTRASYON Ş2 | D11: =DERS_PLANI!AS193 -> CMM152 | E11: =DERS_PLANI!AS205 -> MYO - BIL 201 Görsel Programlama II Ş1 | F11: =DERS_PLANI!AS217 -> 0
A12: 18:10 -19:00 | B12: =DERS_PLANI!AS170 -> 0 | C12: =DERS_PLANI!AS182 -> 0 | D12: =DERS_PLANI!AS194 -> 0 | E12: =DERS_PLANI!AS206 -> 0 | F12: =DERS_PLANI!AS218 -> 0
A13: 19:10 - 20:00 | B13: =DERS_PLANI!AS171 -> 0 | C13: =DERS_PLANI!AS183 -> 0 | D13: =DERS_PLANI!AS195 -> 0 | E13: =DERS_PLANI!AS207 -> 0 | F13: =DERS_PLANI!AS219 -> 0
A14: 20:10 - 21:00 | B14: =DERS_PLANI!AS172 -> 0 | C14: =DERS_PLANI!AS184 -> 0 | D14: =DERS_PLANI!AS196 -> 0 | E14: =DERS_PLANI!AS208 -> 0 | F14: =DERS_PLANI!AS220 -> 0

Sheet C 088
A1: C 088
A2: Saat/Gün | B2: Pazartesi | C2: Salı | D2: Çarşamba | E2: Perşembe | F2: Cuma
A3: 09.00 - 09.50 | B3: =DERS_PLANI!AR161 -> ENG 202 - 08 - GSTF | C3: =DERS_PLANI!AR173 -> 0 | D3: =DERS_PLANI!AR185 -> 0 | E3: =DERS_PLANI!AR197 -> IAD 242 | F3: =DERS_PLANI!AR209 -> CMM 371 Freehand Drawing and Rendering Techniques
A4: 09.55 - 10.45 | B4: =DERS_PLANI!AR162 -> ENG 202 - 08 - GSTF | C4: =DERS_PLANI!AR174 -> 0 | D4: =DERS_PLANI!AR186 -> 0 | E4: =DERS_PLANI!AR198 -> IAD 242 | F4: =DERS_PLANI!AR210 -> CMM 371 Freehand Drawing and Rendering Techniques
A5: 10.50 - 11.40 | B5: =DERS_PLANI!AR163 -> 0 | C5: =DERS_PLANI!AR175 -> 0 | D5: =DERS_PLANI!AR187 -> 0 | E5: =DERS_PLANI!AR199 -> IAD 242 | F5: =DERS_PLANI!AR211 -> CMM 371 Freehand Drawing and Rendering Techniques
A6: 12.20 - 13.10 | B6: =DERS_PLANI!AR164 -> 0 | C6: =DERS_PLANI!AR176 -> 0 | D6: =DERS_PLANI!AR188 -> 0 | E6: =DERS_PLANI!AR200 -> 0 | F6: =DERS_PLANI!AR212 -> 0
A7: 13.15 - 14.05 | B7: =DERS_PLANI!AR165 -> IAD 101 | C7: =DERS_PLANI!AR177 -> IAD 351 (Dr. Nihan Türker) | D7: =DERS_PLANI!AR189 -> 0 | E7: =DERS_PLANI!AR201 -> IAD 101 | F7: =DERS_PLANI!AR213 -> 0
A8: 14.10 - 15.00 | B8: =DERS_PLANI!AR166 -> IAD 101 | C8: =DERS_PLANI!AR178 -> IAD 351 (Dr. Nihan Türker) | D8: =DERS_PLANI!AR190 -> 0 | E8: =DERS_PLANI!AR202 -> IAD 101 | F8: =DERS_PLANI!AR214 -> 0
A9: 15.20 - 16.10 | B9: =DERS_PLANI!AR167 -> IAD 101 | C9: =DERS_PLANI!AR179 -> IAD 351 (Dr. Nihan Türker) | D9: =DERS_PLANI!AR191 -> 0 | E9: =DERS_PLANI!AR203 -> IAD 101 | F9: =DERS_PLANI!AR215 -> 0
A10: 16.15 - 17.05 | B10: =DERS_PLANI!AR168 -> IAD 101 | C10: =DERS_PLANI!AR180 -> IAD 351 (Dr. Nihan Türker) | D10: =DERS_PLANI!AR192 -> 0 | E10: =DERS_PLANI!AR204 -> IAD 101 | F10: =DERS_PLANI!AR216 -> 0
A11: 17.10 - 18.00 | B11: =DERS_PLANI!AR169 -> 0 | C11: =DERS_PLANI!AR181 -> IAD 351 (Dr. Nihan Türker) | D11: =DERS_PLANI!AR193 -> 0 | E11: =DERS_PLANI!AR205 -> 0 | F11: =DERS_PLANI!AR217 -> 0
A12: 18:10 -19:00 | B12: =DERS_PLANI!AR170 -> 0 | C12: =DERS_PLANI!AR182 -> 0 | D12: =DERS_PLANI!AR194 -> 0 | E12: =DERS_PLANI!AR206 -> 0 | F12: =DERS_PLANI!AR218 -> 0
A13: 19:10 - 20:00 | B13: =DERS_PLANI!AR171 -> 0 | C13: =DERS_PLANI!AR183 -> 0 | D13: =DERS_PLANI!AR195 -> 0 | E13: =DERS_PLANI!AR207 -> 0 | F13: =DERS_PLANI!AR219 -> 0
A14: 20:10 - 21:00 | B14: =DERS_PLANI!AR172 -> 0 | C14: =DERS_PLANI!AR184 -> 0 | D14: =DERS_PLANI!AR196 -> 0 | E14: =DERS_PLANI!AR208 -> 0 | F14: =DERS_PLANI!AR220 -> 0

Sheet C 087
A1: C 087
A2: Saat/Gün | B2: Pazartesi | C2: Salı | D2: Çarşamba | E2: Perşembe | F2: Cuma
A3: 09.00 - 09.50 | B3: =DERS_PLANI!AQ161 -> 0 | C3: =DERS_PLANI!AQ173 -> 0 | D3: =DERS_PLANI!AQ185 -> 0 | E3: =DERS_PLANI!AQ197 -> ceng214 - algoritma II | F3: =DERS_PLANI!AQ209 -> 0
A4: 09.55 - 10.45 | B4: =DERS_PLANI!AQ162 -> 0 | C4: =DERS_PLANI!AQ174 -> 0 | D4: =DERS_PLANI!AQ186 -> 0 | E4: =DERS_PLANI!AQ198 -> ceng214 - algoritma II | F4: =DERS_PLANI!AQ210 -> 0
A5: 10.50 - 11.40 | B5: =DERS_PLANI!AQ163 -> 0 | C5: =DERS_PLANI!AQ175 -> 0 | D5: =DERS_PLANI!AQ187 -> 0 | E5: =DERS_PLANI!AQ199 -> ceng214 - algoritma II | F5: =DERS_PLANI!AQ211 -> 0
A6: 12.20 - 13.10 | B6: =DERS_PLANI!AQ164 -> 0 | C6: =DERS_PLANI!AQ176 -> 0 | D6: =DERS_PLANI!AQ188 -> MIS 242 (Assoc. Prof. Erdoğan) | E6: =DERS_PLANI!AQ200 -> YBS 372 - PROGRAMLAMADA ÖZEL KONULAR CEM IRMAK | F6: =DERS_PLANI!AQ212 -> 0
A7: 13.15 - 14.05 | B7: =DERS_PLANI!AQ165 -> 0 | C7: =DERS_PLANI!AQ177 -> ENG 302 - 8 | D7: =DERS_PLANI!AQ189 -> MIS 242 (Assoc. Prof. Erdoğan) | E7: =DERS_PLANI!AQ201 -> YBS 372 - PROGRAMLAMADA ÖZEL KONULAR CEM IRMAK | F7: =DERS_PLANI!AQ213 -> 0
A8: 14.10 - 15.00 | B8: =DERS_PLANI!AQ166 -> 0 | C8: =DERS_PLANI!AQ178 -> ENG 302 - 8 | D8: =DERS_PLANI!AQ190 -> MIS 242 (Assoc. Prof. Erdoğan) | E8: =DERS_PLANI!AQ202 -> YBS 372 - PROGRAMLAMADA ÖZEL KONULAR CEM IRMAK | F8: =DERS_PLANI!AQ214 -> 0
A9: 15.20 - 16.10 | B9: =DERS_PLANI!AQ167 -> 0 | C9: =DERS_PLANI!AQ179 -> 0 | D9: =DERS_PLANI!AQ191 -> 0 | E9: =DERS_PLANI!AQ203 -> 0 | F9: =DERS_PLANI!AQ215 -> 0
A10: 16.15 - 17.05 | B10: =DERS_PLANI!AQ168 -> 0 | C10: =DERS_PLANI!AQ180 -> 0 | D10: =DERS_PLANI!AQ192 -> 0 | E10: =DERS_PLANI!AQ204 -> 0 | F10: =DERS_PLANI!AQ216 -> 0
A11: 17.10 - 18.00 | B11: =DERS_PLANI!AQ169 -> 0 | C11: =DERS_PLANI!AQ181 -> 0 | D11: =DERS_PLANI!AQ193 -> 0 | E11: =DERS_PLANI!AQ205 -> 0 | F11: =DERS_PLANI!AQ217 -> 0
A12: 18:10 -19:00 | B12: =DERS_PLANI!AQ170 -> 0 | C12: =DERS_PLANI!AQ182 -> 0 | D12: =DERS_PLANI!AQ194 -> 0 | E12: =DERS_PLANI!AQ206 -> 0 | F12: =DERS_PLANI!AQ218 -> 0
A13: 19:10 - 20:00 | B13: =DERS_PLANI!AQ171 -> 0 | C13: =DERS_PLANI!AQ183 -> 0 | D13: =DERS_PLANI!AQ195 -> 0 | E13: =DERS_PLANI!AQ207 -> 0 | F13: =DERS_PLANI!AQ219 -> 0
A14: 20:10 - 21:00 | B14: =DERS_PLANI!AQ172 -> 0 | C14: =DERS_PLANI!AQ184 -> 0 | D14: =DERS_PLANI!AQ196 -> 0 | E14: =DERS_PLANI!AQ208 -> 0 | F14: =DERS_PLANI!AQ220 -> 0

Sheet C 086
A1: C 086
A2: Saat/Gün | B2: Pazartesi | C2: Salı | D2: Çarşamba | E2: Perşembe | F2: Cuma
A3: 09.00 - 09.50 | B3: =DERS_PLANI!AP161 -> MYO - ETP224 Pazarlamada Vaka Analizleri | C3: =DERS_PLANI!AP173 -> 0 | D3: =DERS_PLANI!AP185 -> MYO - TAP 202 SİNEMA VE ANİMASYON TARİHİ | E3: =DERS_PLANI!AP197 -> MYO - IHA 231 METEOROLOJİ | F3: =DERS_PLANI!AP209 -> 0
A4: 09.55 - 10.45 | B4: =DERS_PLANI!AP162 -> MYO - ETP224 Pazarlamada Vaka Analizleri | C4: =DERS_PLANI!AP174 -> MYO - TAP 210 FİKRİ HAKLAR VE ETİK | D4: =DERS_PLANI!AP186 -> MYO - TAP 202 SİNEMA VE ANİMASYON TARİHİ | E4: =DERS_PLANI!AP198 -> MYO - IHA 231 METEOROLOJİ | F4: =DERS_PLANI!AP210 -> 0
A5: 10.50 - 11.40 | B5: =DERS_PLANI!AP163 -> MYO - ETP224 Pazarlamada Vaka Analizleri | C5: =DERS_PLANI!AP175 -> MYO - TAP 210 FİKRİ HAKLAR VE ETİK | D5: =DERS_PLANI!AP187 -> MYO - TAP 202 SİNEMA VE ANİMASYON TARİHİ | E5: =DERS_PLANI!AP199 -> MYO - IHA 231 METEOROLOJİ | F5: =DERS_PLANI!AP211 -> 0
A6: 12.20 - 13.10 | B6: =DERS_PLANI!AP164 -> MYO - ETP 206 DIŞ TİCARET İŞLEMLERİ YÖNETİMİ | C6: =DERS_PLANI!AP176 -> MYO - TAP 206 YARATICI YAZARLIK | D6: =DERS_PLANI!AP188 -> MYO - TAP 228 Sanat Tarihi | E6: =DERS_PLANI!AP200 -> MYO - TAP 206 YARATICI YAZARLIK | F6: =DERS_PLANI!AP212 -> 0
A7: 13.15 - 14.05 | B7: =DERS_PLANI!AP165 -> MYO - ETP 206 DIŞ TİCARET İŞLEMLERİ YÖNETİMİ | C7: =DERS_PLANI!AP177 -> MYO - TAP 206 YARATICI YAZARLIK | D7: =DERS_PLANI!AP189 -> MYO - TAP 228 Sanat Tarihi | E7: =DERS_PLANI!AP201 -> MYO - TAP 206 YARATICI YAZARLIK | F7: =DERS_PLANI!AP213 -> 0
A8: 14.10 - 15.00 | B8: =DERS_PLANI!AP166 -> MYO - ETP 206 DIŞ TİCARET İŞLEMLERİ YÖNETİMİ | C8: =DERS_PLANI!AP178 -> MYO - TAP 206 YARATICI YAZARLIK | D8: =DERS_PLANI!AP190 -> MYO - TAP 228 Sanat Tarihi | E8: =DERS_PLANI!AP202 -> MYO - TAP 206 YARATICI YAZARLIK | F8: =DERS_PLANI!AP214 -> 0
A9: 15.20 - 16.10 | B9: =DERS_PLANI!AP167 -> 0 | C9: =DERS_PLANI!AP179 -> 0 | D9: =DERS_PLANI!AP191 -> 0 | E9: =DERS_PLANI!Q50 -> MYO - TAP222 Görsel Yapımlar İçin Ses Prodüksiyonu | F9: =DERS_PLANI!AP215 -> 0
A10: 16.15 - 17.05 | B10: =DERS_PLANI!AP168 -> 0 | C10: =DERS_PLANI!AP180 -> 0 | D10: =DERS_PLANI!AP192 -> 0 | E10: =DERS_PLANI!Q51 -> MYO - TAP222 Görsel Yapımlar İçin Ses Prodüksiyonu | F10: =DERS_PLANI!AP216 -> 0
A11: 17.10 - 18.00 | B11: =DERS_PLANI!AP169 -> 0 | C11: =DERS_PLANI!AP181 -> 0 | D11: =DERS_PLANI!AP193 -> 0 | E11: =DERS_PLANI!Q52 -> MYO - TAP222 Görsel Yapımlar İçin Ses Prodüksiyonu | F11: =DERS_PLANI!AP217 -> 0
A12: 18:10 -19:00 | B12: =DERS_PLANI!AP170 -> 0 | C12: =DERS_PLANI!AP182 -> 0 | D12: =DERS_PLANI!AP194 -> 0 | E12: =DERS_PLANI!AP206 -> 0 | F12: =DERS_PLANI!AP218 -> 0
A13: 19:10 - 20:00 | B13: =DERS_PLANI!AP171 -> 0 | C13: =DERS_PLANI!AP183 -> 0 | D13: =DERS_PLANI!AP195 -> 0 | E13: =DERS_PLANI!AP207 -> 0 | F13: =DERS_PLANI!AP219 -> 0
A14: 20:10 - 21:00 | B14: =DERS_PLANI!AP172 -> 0 | C14: =DERS_PLANI!AP184 -> 0 | D14: =DERS_PLANI!AP196 -> 0 | E14: =DERS_PLANI!AP208 -> 0 | F14: =DERS_PLANI!AP220 -> 0

Sheet C 085
A1: C 085
A2: Saat/Gün | B2: Pazartesi | C2: Salı | D2: Çarşamba | E2: Perşembe | F2: Cuma
A3: 09.00 - 09.50 | B3: =DERS_PLANI!AO161 -> 0 | C3: =DERS_PLANI!AO173 -> MYO - IHA202 ELEKTRONİK ALGILAYICILAR | D3: =DERS_PLANI!AO185 -> MYO - İHA204 MİKRODENETLEYİCİLER | E3: =DERS_PLANI!AO197 -> 0 | F3: =DERS_PLANI!AO209 -> 0
A4: 09.55 - 10.45 | B4: =DERS_PLANI!AO162 -> MYO - IHA112 TEMEL ELEKTRİK ve ELEKTRONİK ş1 | C4: =DERS_PLANI!AO174 -> MYO - IHA202 ELEKTRONİK ALGILAYICILAR | D4: =DERS_PLANI!AO186 -> MYO - İHA204 MİKRODENETLEYİCİLER | E4: =DERS_PLANI!AO198 -> 0 | F4: =DERS_PLANI!AO210 -> 0
A5: 10.50 - 11.40 | B5: =DERS_PLANI!AO163 -> MYO - IHA112 TEMEL ELEKTRİK ve ELEKTRONİK ş1 | C5: =DERS_PLANI!AO175 -> MYO - IHA202 ELEKTRONİK ALGILAYICILAR | D5: =DERS_PLANI!AO187 -> MYO - İHA204 MİKRODENETLEYİCİLER | E5: =DERS_PLANI!AO199 -> 0 | F5: =DERS_PLANI!AO211 -> 0
A6: 12.20 - 13.10 | B6: =DERS_PLANI!AO164 -> 0 | C6: =DERS_PLANI!AO176 -> 0 | D6: =DERS_PLANI!AO188 -> MYO - IHA 224 - SAYISAL ELEKTRONİK | E6: =DERS_PLANI!AO200 -> MYO - IHA 210 AERODİNAMİK VE AVİYONİK SİSTEM TASARIMI | F6: =DERS_PLANI!AO212 -> 0
A7: 13.15 - 14.05 | B7: =DERS_PLANI!AO165 -> 0 | C7: =DERS_PLANI!AO177 -> 0 | D7: =DERS_PLANI!AO189 -> MYO - IHA 224 - SAYISAL ELEKTRONİK | E7: =DERS_PLANI!AO201 -> MYO - IHA 210 AERODİNAMİK VE AVİYONİK SİSTEM TASARIMI | F7: =DERS_PLANI!AO213 -> 0
A8: 14.10 - 15.00 | B8: =DERS_PLANI!AO166 -> 0 | C8: =DERS_PLANI!AO178 -> 0 | D8: =DERS_PLANI!AO190 -> MYO - IHA 224 - SAYISAL ELEKTRONİK | E8: =DERS_PLANI!AO202 -> MYO - IHA 210 AERODİNAMİK VE AVİYONİK SİSTEM TASARIMI | F8: =DERS_PLANI!AO214 -> 0
A9: 15.20 - 16.10 | B9: =DERS_PLANI!AO167 -> 0 | C9: =DERS_PLANI!AO179 -> 0 | D9: =DERS_PLANI!AO191 -> 0 | E9: =DERS_PLANI!AO203 -> MYO - ETP 204 MARKA YÖNETİMİ | F9: =DERS_PLANI!AO215 -> 0
A10: 16.15 - 17.05 | B10: =DERS_PLANI!AO168 -> 0 | C10: =DERS_PLANI!AO180 -> 0 | D10: =DERS_PLANI!AO192 -> 0 | E10: =DERS_PLANI!AO204 -> MYO - ETP 204 MARKA YÖNETİMİ | F10: =DERS_PLANI!AO216 -> 0
A11: 17.10 - 18.00 | B11: =DERS_PLANI!AO169 -> 0 | C11: =DERS_PLANI!AO181 -> 0 | D11: =DERS_PLANI!AO193 -> 0 | E11: =DERS_PLANI!AO205 -> MYO - ETP 204 MARKA YÖNETİMİ | F11: =DERS_PLANI!AO217 -> 0
A12: 18:10 -19:00 | B12: =DERS_PLANI!AO170 -> 0 | C12: =DERS_PLANI!AO182 -> 0 | D12: =DERS_PLANI!AO194 -> 0 | E12: =DERS_PLANI!AO206 -> 0 | F12: =DERS_PLANI!AO218 -> 0
A13: 19:10 - 20:00 | B13: =DERS_PLANI!AO171 -> 0 | C13: =DERS_PLANI!AO183 -> 0 | D13: =DERS_PLANI!AO195 -> 0 | E13: =DERS_PLANI!AO207 -> 0 | F13: =DERS_PLANI!AO219 -> 0
A14: 20:10 - 21:00 | B14: =DERS_PLANI!AO172 -> 0 | C14: =DERS_PLANI!AO184 -> 0 | D14: =DERS_PLANI!AO196 -> 0 | E14: =DERS_PLANI!AO208 -> 0 | F14: =DERS_PLANI!AO220 -> 0

Sheet C 084
A1: C 084
A2: Saat/Gün | B2: Pazartesi | C2: Salı | D2: Çarşamba | E2: Perşembe | F2: Cuma
A3: 09.00 - 09.50 | B3: =DERS_PLANI!AN161 -> 0 | C3: =DERS_PLANI!AN173 -> 0 | D3: =DERS_PLANI!AN185 -> 0 | E3: =DERS_PLANI!AN197 -> 0 | F3: =DERS_PLANI!AN209 -> 0
A4: 09.55 - 10.45 | B4: =DERS_PLANI!AN162 -> 0 | C4: =DERS_PLANI!AN174 -> 0 | D4: =DERS_PLANI!AN186 -> 0 | E4: =DERS_PLANI!AN198 -> 0 | F4: =DERS_PLANI!AN210 -> 0
A5: 10.50 - 11.40 | B5: =DERS_PLANI!AN163 -> 0 | C5: =DERS_PLANI!AN175 -> 0 | D5: =DERS_PLANI!AN187 -> 0 | E5: =DERS_PLANI!AN199 -> 0 | F5: =DERS_PLANI!AN211 -> 0
A6: 12.20 - 13.10 | B6: =DERS_PLANI!AN164 -> 0 | C6: =DERS_PLANI!AN176 -> 0 | D6: =DERS_PLANI!AN188 -> 0 | E6: =DERS_PLANI!AN200 -> 0 | F6: =DERS_PLANI!AN212 -> 0
A7: 13.15 - 14.05 | B7: =DERS_PLANI!AN165 -> 0 | C7: =DERS_PLANI!AN177 -> 0 | D7: =DERS_PLANI!AN189 -> 0 | E7: =DERS_PLANI!AN201 -> 0 | F7: =DERS_PLANI!AN213 -> 0
A8: 14.10 - 15.00 | B8: =DERS_PLANI!AN166 -> 0 | C8: =DERS_PLANI!AN178 -> 0 | D8: =DERS_PLANI!AN190 -> 0 | E8: =DERS_PLANI!AN202 -> 0 | F8: =DERS_PLANI!AN214 -> 0
A9: 15.20 - 16.10 | B9: =DERS_PLANI!AN167 -> 0 | C9: =DERS_PLANI!AN179 -> 0 | D9: =DERS_PLANI!AN191 -> 0 | E9: =DERS_PLANI!AN203 -> 0 | F9: =DERS_PLANI!AN215 -> 0
A10: 16.15 - 17.05 | B10: =DERS_PLANI!AN168 -> 0 | C10: =DERS_PLANI!AN180 -> 0 | D10: =DERS_PLANI!AN192 -> 0 | E10: =DERS_PLANI!AN204 -> 0 | F10: =DERS_PLANI!AN216 -> 0
A11: 17.10 - 18.00 | B11: =DERS_PLANI!AN169 -> 0 | C11: =DERS_PLANI!AN181 -> 0 | D11: =DERS_PLANI!AN193 -> 0 | E11: =DERS_PLANI!AN205 -> 0 | F11: =DERS_PLANI!AN217 -> 0
A12: 18:10 -19:00 | B12: =DERS_PLANI!AN170 -> 0 | C12: =DERS_PLANI!AN182 -> 0 | D12: =DERS_PLANI!AN194 -> 0 | E12: =DERS_PLANI!AN206 -> 0 | F12: =DERS_PLANI!AN218 -> 0
A13: 19:10 - 20:00 | B13: =DERS_PLANI!AN171 -> 0 | C13: =DERS_PLANI!AN183 -> 0 | D13: =DERS_PLANI!AN195 -> 0 | E13: =DERS_PLANI!AN207 -> 0 | F13: =DERS_PLANI!AN219 -> 0
A14: 20:10 - 21:00 | B14: =DERS_PLANI!AN172 -> 0 | C14: =DERS_PLANI!AN184 -> 0 | D14: =DERS_PLANI!AN196 -> 0 | E14: =DERS_PLANI!AN208 -> 0 | F14: =DERS_PLANI!AN220 -> 0

Sheet C 078
A1: C 078
A2: Saat/Gün | B2: Pazartesi | C2: Salı | D2: Çarşamba | E2: Perşembe | F2: Cuma
A3: 09.00 - 09.50 | B3: =DERS_PLANI!AM161 -> 0 | C3: =DERS_PLANI!AM173 -> 0 | D3: =DERS_PLANI!AM185 -> 0 | E3: =DERS_PLANI!AM197 -> 0 | F3: =DERS_PLANI!AM209 -> 0
A4: 09.55 - 10.45 | B4: =DERS_PLANI!AM162 -> 0 | C4: =DERS_PLANI!AM174 -> 0 | D4: =DERS_PLANI!AM186 -> 0 | E4: =DERS_PLANI!AM198 -> 0 | F4: =DERS_PLANI!AM210 -> 0
A5: 10.50 - 11.40 | B5: =DERS_PLANI!AM163 -> 0 | C5: =DERS_PLANI!AM175 -> 0 | D5: =DERS_PLANI!AM187 -> 0 | E5: =DERS_PLANI!AM199 -> 0 | F5: =DERS_PLANI!AM211 -> 0
A6: 12.20 - 13.10 | B6: =DERS_PLANI!AM164 -> 0 | C6: =DERS_PLANI!AM176 -> 0 | D6: =DERS_PLANI!AM188 -> 0 | E6: =DERS_PLANI!AM200 -> 0 | F6: =DERS_PLANI!AM212 -> 0
A7: 13.15 - 14.05 | B7: =DERS_PLANI!AM165 -> 0 | C7: =DERS_PLANI!AM177 -> 0 | D7: =DERS_PLANI!AM189 -> 0 | E7: =DERS_PLANI!AM201 -> 0 | F7: =DERS_PLANI!AM213 -> 0
A8: 14.10 - 15.00 | B8: =DERS_PLANI!AM166 -> 0 | C8: =DERS_PLANI!AM178 -> 0 | D8: =DERS_PLANI!AM190 -> 0 | E8: =DERS_PLANI!AM202 -> 0 | F8: =DERS_PLANI!AM214 -> 0
A9: 15.20 - 16.10 | B9: =DERS_PLANI!AM167 -> 0 | C9: =DERS_PLANI!AM179 -> 0 | D9: =DERS_PLANI!AM191 -> 0 | E9: =DERS_PLANI!AM203 -> 0 | F9: =DERS_PLANI!AM215 -> 0
A10: 16.15 - 17.05 | B10: =DERS_PLANI!AM168 -> 0 | C10: =DERS_PLANI!AM180 -> 0 | D10: =DERS_PLANI!AM192 -> 0 | E10: =DERS_PLANI!AM204 -> 0 | F10: =DERS_PLANI!AM216 -> 0
A11: 17.10 - 18.00 | B11: =DERS_PLANI!AM169 -> 0 | C11: =DERS_PLANI!AM181 -> 0 | D11: =DERS_PLANI!AM193 -> 0 | E11: =DERS_PLANI!AM205 -> 0 | F11: =DERS_PLANI!AM217 -> 0
A12: 18:10 -19:00 | B12: =DERS_PLANI!AM170 -> 0 | C12: =DERS_PLANI!AM182 -> 0 | D12: =DERS_PLANI!AM194 -> 0 | E12: =DERS_PLANI!AM206 -> 0 | F12: =DERS_PLANI!AM218 -> 0
A13: 19:10 - 20:00 | B13: =DERS_PLANI!AM171 -> 0 | C13: =DERS_PLANI!AM183 -> 0 | D13: =DERS_PLANI!AM195 -> 0 | E13: =DERS_PLANI!AM207 -> 0 | F13: =DERS_PLANI!AM219 -> 0
A14: 20:10 - 21:00 | B14: =DERS_PLANI!AM172 -> 0 | C14: =DERS_PLANI!AM184 -> 0 | D14: =DERS_PLANI!AM196 -> 0 | E14: =DERS_PLANI!AM208 -> 0 | F14: =DERS_PLANI!AM220 -> 0

Sheet C 077
A1: C 077
A2: Saat/Gün | B2: Pazartesi | C2: Salı | D2: Çarşamba | E2: Perşembe | F2: Cuma
A3: 09.00 - 09.50 | B3: =DERS_PLANI!AL161 -> 0 | C3: =DERS_PLANI!AL173 -> 0 | D3: =DERS_PLANI!AL185 -> 0 | E3: =DERS_PLANI!AL197 -> 0 | F3: =DERS_PLANI!AL209 -> 0
A4: 09.55 - 10.45 | B4: =DERS_PLANI!AL162 -> 0 | C4: =DERS_PLANI!AL174 -> 0 | D4: =DERS_PLANI!AL186 -> 0 | E4: =DERS_PLANI!AL198 -> 0 | F4: =DERS_PLANI!AL210 -> 0
A5: 10.50 - 11.40 | B5: =DERS_PLANI!AL163 -> 0 | C5: =DERS_PLANI!AL175 -> 0 | D5: =DERS_PLANI!AL187 -> 0 | E5: =DERS_PLANI!AL199 -> 0 | F5: =DERS_PLANI!AL211 -> 0
A6: 12.20 - 13.10 | B6: =DERS_PLANI!AL164 -> 0 | C6: =DERS_PLANI!AL176 -> 0 | D6: =DERS_PLANI!AL188 -> 0 | E6: =DERS_PLANI!AL200 -> 0 | F6: =DERS_PLANI!AL212 -> 0
A7: 13.15 - 14.05 | B7: =DERS_PLANI!AL165 -> 0 | C7: =DERS_PLANI!AL177 -> 0 | D7: =DERS_PLANI!AL189 -> 0 | E7: =DERS_PLANI!AL201 -> 0 | F7: =DERS_PLANI!AL213 -> 0
A8: 14.10 - 15.00 | B8: =DERS_PLANI!AL166 -> 0 | C8: =DERS_PLANI!AL178 -> 0 | D8: =DERS_PLANI!AL190 -> 0 | E8: =DERS_PLANI!AL202 -> 0 | F8: =DERS_PLANI!AL214 -> 0
A9: 15.20 - 16.10 | B9: =DERS_PLANI!AL167 -> 0 | C9: =DERS_PLANI!AL179 -> 0 | D9: =DERS_PLANI!AL191 -> 0 | E9: =DERS_PLANI!AL203 -> 0 | F9: =DERS_PLANI!AL215 -> 0
A10: 16.15 - 17.05 | B10: =DERS_PLANI!AL168 -> 0 | C10: =DERS_PLANI!AL180 -> 0 | D10: =DERS_PLANI!AL192 -> 0 | E10: =DERS_PLANI!AL204 -> 0 | F10: =DERS_PLANI!AL216 -> 0
A11: 17.10 - 18.00 | B11: =DERS_PLANI!AL169 -> 0 | C11: =DERS_PLANI!AL181 -> 0 | D11: =DERS_PLANI!AL193 -> 0 | E11: =DERS_PLANI!AL205 -> 0 | F11: =DERS_PLANI!AL217 -> 0
A12: 18:10 -19:00 | B12: =DERS_PLANI!AL170 -> 0 | C12: =DERS_PLANI!AL182 -> 0 | D12: =DERS_PLANI!AL194 -> 0 | E12: =DERS_PLANI!AL206 -> 0 | F12: =DERS_PLANI!AL218 -> 0
A13: 19:10 - 20:00 | B13: =DERS_PLANI!AL171 -> 0 | C13: =DERS_PLANI!AL183 -> 0 | D13: =DERS_PLANI!AL195 -> 0 | E13: =DERS_PLANI!AL207 -> 0 | F13: =DERS_PLANI!AL219 -> 0
A14: 20:10 - 21:00 | B14: =DERS_PLANI!AL172 -> 0 | C14: =DERS_PLANI!AL184 -> 0 | D14: =DERS_PLANI!AL196 -> 0 | E14: =DERS_PLANI!AL208 -> 0 | F14: =DERS_PLANI!AL220 -> 0

Sheet C 076
A1: C 076
A2: Saat/Gün | B2: Pazartesi | C2: Salı | D2: Çarşamba | E2: Perşembe | F2: Cuma
A3: 09.00 - 09.50 | B3: =DERS_PLANI!AK161 -> 0 | C3: =DERS_PLANI!AK173 -> 0 | D3: =DERS_PLANI!AK185 -> 0 | E3: =DERS_PLANI!AK197 -> 0 | F3: =DERS_PLANI!AK209 -> 0
A4: 09.55 - 10.45 | B4: =DERS_PLANI!AK162 -> 0 | C4: =DERS_PLANI!AK174 -> 0 | D4: =DERS_PLANI!AK186 -> 0 | E4: =DERS_PLANI!AK198 -> 0 | F4: =DERS_PLANI!AK210 -> 0
A5: 10.50 - 11.40 | B5: =DERS_PLANI!AK163 -> 0 | C5: =DERS_PLANI!AK175 -> 0 | D5: =DERS_PLANI!AK187 -> 0 | E5: =DERS_PLANI!AK199 -> 0 | F5: =DERS_PLANI!AK211 -> 0
A6: 12.20 - 13.10 | B6: =DERS_PLANI!AK164 -> 0 | C6: =DERS_PLANI!AK176 -> 0 | D6: =DERS_PLANI!AK188 -> 0 | E6: =DERS_PLANI!AK200 -> 0 | F6: =DERS_PLANI!AK212 -> 0
A7: 13.15 - 14.05 | B7: =DERS_PLANI!AK165 -> 0 | C7: =DERS_PLANI!AK177 -> 0 | D7: =DERS_PLANI!AK189 -> 0 | E7: =DERS_PLANI!AK201 -> 0 | F7: =DERS_PLANI!AK213 -> 0
A8: 14.10 - 15.00 | B8: =DERS_PLANI!AK166 -> 0 | C8: =DERS_PLANI!AK178 -> 0 | D8: =DERS_PLANI!AK190 -> 0 | E8: =DERS_PLANI!AK202 -> 0 | F8: =DERS_PLANI!AK214 -> 0
A9: 15.20 - 16.10 | B9: =DERS_PLANI!AK167 -> 0 | C9: =DERS_PLANI!AK179 -> 0 | D9: =DERS_PLANI!AK191 -> 0 | E9: =DERS_PLANI!AK203 -> 0 | F9: =DERS_PLANI!AK215 -> 0
A10: 16.15 - 17.05 | B10: =DERS_PLANI!AK168 -> 0 | C10: =DERS_PLANI!AK180 -> 0 | D10: =DERS_PLANI!AK192 -> 0 | E10: =DERS_PLANI!AK204 -> 0 | F10: =DERS_PLANI!AK216 -> 0
A11: 17.10 - 18.00 | B11: =DERS_PLANI!AK169 -> 0 | C11: =DERS_PLANI!AK181 -> 0 | D11: =DERS_PLANI!AK193 -> 0 | E11: =DERS_PLANI!AK205 -> 0 | F11: =DERS_PLANI!AK217 -> 0
A12: 18:10 -19:00 | B12: =DERS_PLANI!AK170 -> 0 | C12: =DERS_PLANI!AK182 -> 0 | D12: =DERS_PLANI!AK194 -> 0 | E12: =DERS_PLANI!AK206 -> 0 | F12: =DERS_PLANI!AK218 -> 0
A13: 19:10 - 20:00 | B13: =DERS_PLANI!AK171 -> 0 | C13: =DERS_PLANI!AK183 -> 0 | D13: =DERS_PLANI!AK195 -> 0 | E13: =DERS_PLANI!AK207 -> 0 | F13: =DERS_PLANI!AK219 -> 0
A14: 20:10 - 21:00 | B14: =DERS_PLANI!AK172 -> 0 | C14: =DERS_PLANI!AK184 -> 0 | D14: =DERS_PLANI!AK196 -> 0 | E14: =DERS_PLANI!AK208 -> 0 | F14: =DERS_PLANI!AK220 -> 0

Sheet C 075
A1: C 075
A2: Saat/Gün | B2: Pazartesi | C2: Salı | D2: Çarşamba | E2: Perşembe | F2: Cuma
A3: 09.00 - 09.50 | B3: =DERS_PLANI!AJ161 -> 0 | C3: =DERS_PLANI!AJ173 -> MAT 224 Doğrusal Cebir ve Diferansiyel Denklemler (Mesut Altınok) | D3: =DERS_PLANI!AJ185 -> 0 | E3: =DERS_PLANI!AJ197 -> 0 | F3: =DERS_PLANI!AJ209 -> 0
A4: 09.55 - 10.45 | B4: =DERS_PLANI!AJ162 -> 0 | C4: =DERS_PLANI!AJ174 -> MAT 224 Doğrusal Cebir ve Diferansiyel Denklemler (Mesut Altınok) | D4: =DERS_PLANI!AJ186 -> 0 | E4: =DERS_PLANI!AJ198 -> 0 | F4: =DERS_PLANI!AJ210 -> 0
A5: 10.50 - 11.40 | B5: =DERS_PLANI!AJ163 -> 0 | C5: =DERS_PLANI!AJ175 -> MAT 224 Doğrusal Cebir ve Diferansiyel Denklemler (Mesut Altınok) | D5: =DERS_PLANI!AJ187 -> 0 | E5: =DERS_PLANI!AJ199 -> ING 202 - 01 | F5: =DERS_PLANI!AJ211 -> 0
A6: 12.20 - 13.10 | B6: =DERS_PLANI!AJ164 -> MAT 206 Olasılık Teorisi ve İstatistik (Mesut Altınok) | C6: =DERS_PLANI!AJ176 -> MYO - ETP 104 DİJİTAL PAZARLAMA | D6: =DERS_PLANI!AJ188 -> 0 | E6: =DERS_PLANI!AJ200 -> ING 202 - 01 | F6: =DERS_PLANI!AJ212 -> 0
A7: 13.15 - 14.05 | B7: =DERS_PLANI!AJ165 -> MAT 206 Olasılık Teorisi ve İstatistik (Mesut Altınok) | C7: =DERS_PLANI!AJ177 -> MYO - ETP 104 DİJİTAL PAZARLAMA | D7: =DERS_PLANI!AJ189 -> 0 | E7: =DERS_PLANI!AJ201 -> 0 | F7: =DERS_PLANI!AJ213 -> 0
A8: 14.10 - 15.00 | B8: =DERS_PLANI!AJ166 -> MAT 206 Olasılık Teorisi ve İstatistik (Mesut Altınok) | C8: =DERS_PLANI!AJ178 -> MYO - ETP 104 DİJİTAL PAZARLAMA | D8: =DERS_PLANI!AJ190 -> 0 | E8: =DERS_PLANI!AJ202 -> 0 | F8: =DERS_PLANI!AJ214 -> 0
A9: 15.20 - 16.10 | B9: =DERS_PLANI!AJ167 -> 0 | C9: =DERS_PLANI!#REF! -> #REF! | D9: =DERS_PLANI!AJ191 -> 0 | E9: =DERS_PLANI!AJ203 -> 0 | F9: =DERS_PLANI!AJ215 -> 0
A10: 16.15 - 17.05 | B10: =DERS_PLANI!AJ168 -> 0 | C10: =DERS_PLANI!#REF! -> #REF! | D10: =DERS_PLANI!AJ192 -> 0 | E10: =DERS_PLANI!AJ204 -> 0 | F10: =DERS_PLANI!AJ216 -> 0
A11: 17.10 - 18.00 | B11: =DERS_PLANI!AJ169 -> 0 | C11: =DERS_PLANI!#REF! -> #REF! | D11: =DERS_PLANI!AJ193 -> 0 | E11: =DERS_PLANI!AJ205 -> 0 | F11: =DERS_PLANI!AJ217 -> 0
A12: 18:10 -19:00 | B12: =DERS_PLANI!AJ170 -> 0 | C12: =DERS_PLANI!AJ182 -> 0 | D12: =DERS_PLANI!AJ194 -> 0 | E12: =DERS_PLANI!AJ206 -> 0 | F12: =DERS_PLANI!AJ218 -> 0
A13: 19:10 - 20:00 | B13: =DERS_PLANI!AJ171 -> 0 | C13: =DERS_PLANI!AJ183 -> 0 | D13: =DERS_PLANI!AJ195 -> 0 | E13: =DERS_PLANI!AJ207 -> 0 | F13: =DERS_PLANI!AJ219 -> 0
A14: 20:10 - 21:00 | B14: =DERS_PLANI!AJ172 -> 0 | C14: =DERS_PLANI!AJ184 -> 0 | D14: =DERS_PLANI!AJ196 -> 0 | E14: =DERS_PLANI!AJ208 -> 0 | F14: =DERS_PLANI!AJ220 -> 0

Sheet C 074
A1: C 074
A2: Saat/Gün | B2: Pazartesi | C2: Salı | D2: Çarşamba | E2: Perşembe | F2: Cuma
A3: 09.00 - 09.50 | B3: =DERS_PLANI!AI161 -> 0 | C3: =DERS_PLANI!AI173 -> 0 | D3: =DERS_PLANI!AI185 -> 0 | E3: =DERS_PLANI!AI197 -> 0 | F3: =DERS_PLANI!AI209 -> MYO - BGT204 Bilişim Hukuku
A4: 09.55 - 10.45 | B4: =DERS_PLANI!AI162 -> ENG 202 - 10 | C4: =DERS_PLANI!AI174 -> ENG 102 - 8 | D4: =DERS_PLANI!AI186 -> MAT 102 (Teorik) - Sec 1(Mesut Altunok) | E4: =DERS_PLANI!AI198 -> 0 | F4: =DERS_PLANI!AI210 -> MYO - BGT204 Bilişim Hukuku
A5: 10.50 - 11.40 | B5: =DERS_PLANI!AI163 -> ENG 202 - 10 | C5: =DERS_PLANI!AI175 -> ENG 102 - 8 | D5: =DERS_PLANI!AI187 -> MAT 102 (Teorik) - Sec 1(Mesut Altunok) | E5: =DERS_PLANI!AI199 -> 0 | F5: =DERS_PLANI!AI211 -> MYO - BGT204 Bilişim Hukuku
A6: 12.20 - 13.10 | B6: =DERS_PLANI!AI164 -> EEE 236 (Teorik) - Sec 1 (Parisa Akar) | C6: =DERS_PLANI!AI176 -> ENG 202 - 11 | D6: =DERS_PLANI!AI188 -> 0 | E6: =DERS_PLANI!AI200 -> 0 | F6: =DERS_PLANI!AI212 -> 0
A7: 13.15 - 14.05 | B7: =DERS_PLANI!AI165 -> EEE 236 (Teorik) - Sec 1 (Parisa Akar) | C7: =DERS_PLANI!AI177 -> ENG 202 - 11 | D7: =DERS_PLANI!AI189 -> 0 | E7: =DERS_PLANI!AI201 -> ENG 102 - 9 | F7: =DERS_PLANI!AI213 -> 0
A8: 14.10 - 15.00 | B8: =DERS_PLANI!AI166 -> EEE 236 (Teorik) - Sec 1 (Parisa Akar) | C8: =DERS_PLANI!AI178 -> 0 | D8: =DERS_PLANI!AI190 -> 0 | E8: =DERS_PLANI!AI202 -> ENG 102 - 9 | F8: =DERS_PLANI!AI214 -> 0
A9: 15.20 - 16.10 | B9: =DERS_PLANI!AI167 -> MATH 206 (Teorik) - Sec 1 (Benhür Satır) | C9: =DERS_PLANI!AI179 -> BM 324 (Teorik) - Sec 1 (Yüksel Arslan) | D9: =DERS_PLANI!AI191 -> ENG 202 - 13 | E9: =DERS_PLANI!AI203 -> ENG 302 - 11 | F9: =DERS_PLANI!AI215 -> 0
A10: 16.15 - 17.05 | B10: =DERS_PLANI!AI168 -> MATH 206 (Teorik) - Sec 1 (Benhür Satır) | C10: =DERS_PLANI!AI180 -> BM 324 (Teorik) - Sec 1 (Yüksel Arslan) | D10: =DERS_PLANI!AI192 -> ENG 202 - 13 | E10: =DERS_PLANI!AI204 -> ENG 302 - 11 | F10: =DERS_PLANI!AI216 -> 0
A11: 17.10 - 18.00 | B11: =DERS_PLANI!AI169 -> MATH 206 (Teorik) - Sec 1 (Benhür Satır) | C11: =DERS_PLANI!AI181 -> BM 324 (Teorik) - Sec 1 (Yüksel Arslan) | D11: =DERS_PLANI!AI193 -> 0 | E11: =DERS_PLANI!AI205 -> 0 | F11: =DERS_PLANI!AI217 -> 0
A12: 18:10 -19:00 | B12: =DERS_PLANI!AI170 -> 0 | C12: =DERS_PLANI!AI182 -> 0 | D12: =DERS_PLANI!AI194 -> 0 | E12: =DERS_PLANI!AI206 -> 0 | F12: =DERS_PLANI!AI218 -> 0
A13: 19:10 - 20:00 | B13: =DERS_PLANI!AI171 -> 0 | C13: =DERS_PLANI!AI183 -> 0 | D13: =DERS_PLANI!AI195 -> 0 | E13: =DERS_PLANI!AI207 -> 0 | F13: =DERS_PLANI!AI219 -> 0
A14: 20:10 - 21:00 | B14: =DERS_PLANI!AI172 -> 0 | C14: =DERS_PLANI!AI184 -> 0 | D14: =DERS_PLANI!AI196 -> 0 | E14: =DERS_PLANI!AI208 -> 0 | F14: =DERS_PLANI!AI220 -> 0

Sheet C 073
A1: C-073
A2: Saat/Gün | B2: Pazartesi | C2: Salı | D2: Çarşamba | E2: Perşembe | F2: Cuma
A3: 09:10-10:00 | B3: =DERS_PLANI!AH161 -> PSİ 221 | C3: =DERS_PLANI!AH173 -> HUK414 | D3: =DERS_PLANI!AH185 -> HUK408 | E3: =DERS_PLANI!AH197 -> 0 | F3: =DERS_PLANI!AH209 -> PSİ 104
A4: 10:10-11:00 | B4: =DERS_PLANI!AH162 -> PSİ 221 | C4: =DERS_PLANI!AH174 -> HUK414 | D4: =DERS_PLANI!AH186 -> HUK408 | E4: =DERS_PLANI!AH198 -> ENG 102 -01 (PSY) | F4: =DERS_PLANI!AH210 -> PSİ 104
A5: 11:10-12:00 | B5: =DERS_PLANI!AH163 -> PSİ 221 | C5: =DERS_PLANI!AH175 -> HUK414 | D5: =DERS_PLANI!AH187 -> HUK408 | E5: =DERS_PLANI!AH199 -> ENG 102 -01 (PSY) | F5: =DERS_PLANI!AH211 -> PSİ 104
A6: 12:10-13:00 | B6: =DERS_PLANI!AH164 -> MIS 222 / BUS 204 (Dr. Bayar) | C6: =DERS_PLANI!AH176 -> PSİ 322 | D6: =DERS_PLANI!AH188 -> PSİ 229 | E6: =DERS_PLANI!AH200 -> PSİ 342 | F6: =DERS_PLANI!AH212 -> 0
A7: 13:10-14:00 | B7: =DERS_PLANI!AH165 -> MIS 222 / BUS 204 (Dr. Bayar) | C7: =DERS_PLANI!AH177 -> PSİ 322 | D7: =DERS_PLANI!AH189 -> PSİ 229 | E7: =DERS_PLANI!AH201 -> PSİ 342 | F7: =DERS_PLANI!AH213 -> 0
A8: 14:10-15:00 | B8: =DERS_PLANI!AH166 -> MIS 222 / BUS 204 (Dr. Bayar) | C8: =DERS_PLANI!AH178 -> PSİ 322 | D8: =DERS_PLANI!AH190 -> PSİ 229 | E8: =DERS_PLANI!AH202 -> PSİ 342 | F8: =DERS_PLANI!AH214 -> 0
A9: 15:10-16:00 | B9: =DERS_PLANI!AH167 -> PSİ 313 | C9: =DERS_PLANI!AH179 -> PSİ 451 | D9: =DERS_PLANI!AH191 -> PSY 219 | E9: =DERS_PLANI!AH203 -> 0 | F9: =DERS_PLANI!AH215 -> 0
A10: 16:10-17:00 | B10: =DERS_PLANI!AH168 -> PSİ 313 | C10: =DERS_PLANI!AH180 -> PSİ 451 | D10: =DERS_PLANI!AH192 -> PSY 219 | E10: =DERS_PLANI!AH204 -> 0 | F10: =DERS_PLANI!AH216 -> 0
A11: 17:10-18:00 | B11: =DERS_PLANI!AH169 -> PSİ 313 | C11: =DERS_PLANI!AH181 -> PSİ 451 | D11: =DERS_PLANI!AH193 -> PSY 219 | E11: =DERS_PLANI!AH205 -> 0 | F11: =DERS_PLANI!AH217 -> 0
A12: 18:10 -19:00 | B12: =DERS_PLANI!AH170 -> 0 | C12: =DERS_PLANI!AH182 -> 0 | D12: =DERS_PLANI!AH194 -> 0 | E12: =DERS_PLANI!AH206 -> 0 | F12: =DERS_PLANI!AH218 -> 0
A13: 19:10 - 20:00 | B13: =DERS_PLANI!AH171 -> 0 | C13: =DERS_PLANI!AH183 -> 0 | D13: =DERS_PLANI!AH195 -> 0 | E13: =DERS_PLANI!AH207 -> 0 | F13: =DERS_PLANI!AH219 -> 0
A14: 20:10 - 21:00 | B14: =DERS_PLANI!AH172 -> 0 | C14: =DERS_PLANI!AH184 -> 0 | D14: =DERS_PLANI!AH196 -> 0 | E14: =DERS_PLANI!AH208 -> 0 | F14: =DERS_PLANI!AH220 -> 0

Sheet C 072
A1: C 072
A2: Saat/Gün | B2: Pazartesi | C2: Salı | D2: Çarşamba | E2: Perşembe | F2: Cuma
A3: 09.00 - 09.50 | B3: =DERS_PLANI!AG161 -> MYOETP 102 E-TİCARET ve ENTEGRASYON | C3: =DERS_PLANI!AG173 -> 0 | D3: =DERS_PLANI!AG185 -> 0 | E3: =DERS_PLANI!AG197 -> 0 | F3: =DERS_PLANI!AG209 -> 0
A4: 09.55 - 10.45 | B4: =DERS_PLANI!AG162 -> MYOETP 102 E-TİCARET ve ENTEGRASYON | C4: =DERS_PLANI!AG174 -> 0 | D4: =DERS_PLANI!AG186 -> 0 | E4: =DERS_PLANI!AG198 -> ING 302 - 01 (MMF BILG. MUH. TR) | F4: =DERS_PLANI!AG210 -> 0
A5: 10.50 - 11.40 | B5: =DERS_PLANI!AG163 -> MYOETP 102 E-TİCARET ve ENTEGRASYON | C5: =DERS_PLANI!AG175 -> 0 | D5: =DERS_PLANI!AG187 -> SİMURG SEÇMELİ | E5: =DERS_PLANI!AG199 -> ING 302 - 01 (MMF BILG. MUH. TR) | F5: =DERS_PLANI!AG211 -> 0
A6: 12.20 - 13.10 | B6: =DERS_PLANI!AG164 -> MYO - ETP 106 ONLINE SATIŞ PLATFORMLARI | C6: =DERS_PLANI!AG176 -> MYO - IHA208 SİSTEM DİNAMİĞİ | D6: =DERS_PLANI!AG188 -> SİMURG MASTERCLASS | E6: =DERS_PLANI!AG200 -> 0 | F6: =DERS_PLANI!AG212 -> 0
A7: 13.15 - 14.05 | B7: =DERS_PLANI!AG165 -> MYO - ETP 106 ONLINE SATIŞ PLATFORMLARI | C7: =DERS_PLANI!AG177 -> MYO - IHA208 SİSTEM DİNAMİĞİ | D7: =DERS_PLANI!AG189 -> SİMURG MASTERCLASS | E7: =DERS_PLANI!AG201 -> 0 | F7: =DERS_PLANI!AG213 -> 0
A8: 14.10 - 15.00 | B8: =DERS_PLANI!AG166 -> MYO - ETP 106 ONLINE SATIŞ PLATFORMLARI | C8: =DERS_PLANI!AG178 -> MYO - IHA208 SİSTEM DİNAMİĞİ | D8: =DERS_PLANI!AG190 -> SİMURG MASTERCLASS | E8: =DERS_PLANI!AG202 -> 0 | F8: =DERS_PLANI!AG214 -> 0
A9: 15.20 - 16.10 | B9: =DERS_PLANI!AG167 -> 0 | C9: =DERS_PLANI!AG179 -> 0 | D9: =DERS_PLANI!AG191 -> SİMURG MASTERCLASS | E9: =DERS_PLANI!AG203 -> MYO - IHA112 TEMEL ELEKTRİK ve ELEKTRONİK | F9: =DERS_PLANI!AG215 -> 0
A10: 16.15 - 17.05 | B10: =DERS_PLANI!AG168 -> 0 | C10: =DERS_PLANI!AG180 -> 0 | D10: =DERS_PLANI!AG192 -> SİMURG SEÇMELİ | E10: =DERS_PLANI!AG204 -> MYO - IHA112 TEMEL ELEKTRİK ve ELEKTRONİK | F10: =DERS_PLANI!AG216 -> 0
A11: 17.10 - 18.00 | B11: =DERS_PLANI!AG169 -> 0 | C11: =DERS_PLANI!AG181 -> 0 | D11: =DERS_PLANI!AG193 -> 0 | E11: =DERS_PLANI!AG205 -> 0 | F11: =DERS_PLANI!AG217 -> 0
A12: 18:10 -19:00 | B12: =DERS_PLANI!AG170 -> 0 | C12: =DERS_PLANI!AG182 -> 0 | D12: =DERS_PLANI!AG194 -> 0 | E12: =DERS_PLANI!AG206 -> 0 | F12: =DERS_PLANI!AG218 -> 0
A13: 19:10 - 20:00 | B13: =DERS_PLANI!AG171 -> 0 | C13: =DERS_PLANI!AG183 -> 0 | D13: =DERS_PLANI!AG195 -> 0 | E13: =DERS_PLANI!AG207 -> 0 | F13: =DERS_PLANI!AG219 -> 0
A14: 20:10 - 21:00 | B14: =DERS_PLANI!AG172 -> 0 | C14: =DERS_PLANI!AG184 -> 0 | D14: =DERS_PLANI!AG196 -> 0 | E14: =DERS_PLANI!AG208 -> 0 | F14: =DERS_PLANI!AG220 -> 0

Sheet C 071
A1: C 071
A2: Saat/Gün | B2: Pazartesi | C2: Salı | D2: Çarşamba | E2: Perşembe | F2: Cuma
A3: 09.00 - 09.50 | B3: =DERS_PLANI!AF161 -> 0 | C3: =DERS_PLANI!AF173 -> ENG 302 -05- GSTF | D3: =DERS_PLANI!AF185 -> NMC 202 | E3: =DERS_PLANI!AF197 -> FAD 460 | F3: =DERS_PLANI!AF209 -> 0
A4: 09.55 - 10.45 | B4: =DERS_PLANI!AF162 -> 0 | C4: =DERS_PLANI!AF174 -> ENG 302 -05- GSTF | D4: =DERS_PLANI!AF186 -> NMC 202 | E4: =DERS_PLANI!AF198 -> FAD 460 | F4: =DERS_PLANI!AF210 -> 0
A5: 10.50 - 11.40 | B5: =DERS_PLANI!AF163 -> 0 | C5: =DERS_PLANI!AF175 -> 0 | D5: =DERS_PLANI!AF187 -> NMC 202 | E5: =DERS_PLANI!AF199 -> FAD 460 | F5: =DERS_PLANI!AF211 -> 0
A6: 12.20 - 13.10 | B6: =DERS_PLANI!AF164 -> 0 | C6: =DERS_PLANI!AF176 -> 0 | D6: =DERS_PLANI!AF188 -> 0 | E6: =DERS_PLANI!AF200 -> NMC 304 | F6: =DERS_PLANI!AF212 -> 0
A7: 13.15 - 14.05 | B7: =DERS_PLANI!AF165 -> 0 | C7: =DERS_PLANI!AF177 -> HUK404 | D7: =DERS_PLANI!AF189 -> HUK412 | E7: =DERS_PLANI!AF201 -> NMC 304 | F7: =DERS_PLANI!AF213 -> 0
A8: 14.10 - 15.00 | B8: =DERS_PLANI!AF166 -> 0 | C8: =DERS_PLANI!AF178 -> HUK404 | D8: =DERS_PLANI!AF190 -> HUK412 | E8: =DERS_PLANI!AF202 -> NMC 304 | F8: =DERS_PLANI!AF214 -> 0
A9: 15.20 - 16.10 | B9: =DERS_PLANI!AF167 -> 0 | C9: =DERS_PLANI!AF179 -> HUK404 | D9: =DERS_PLANI!AF191 -> HUK412 | E9: =DERS_PLANI!AF203 -> 0 | F9: =DERS_PLANI!AF215 -> 0
A10: 16.15 - 17.05 | B10: =DERS_PLANI!AF168 -> 0 | C10: =DERS_PLANI!AF180 -> 0 | D10: =DERS_PLANI!AF192 -> 0 | E10: =DERS_PLANI!AF204 -> 0 | F10: =DERS_PLANI!AF216 -> 0
A11: 17.10 - 18.00 | B11: =DERS_PLANI!AF169 -> 0 | C11: =DERS_PLANI!AF181 -> 0 | D11: =DERS_PLANI!AF193 -> 0 | E11: =DERS_PLANI!AF205 -> 0 | F11: =DERS_PLANI!AF217 -> 0
A12: 18:10 -19:00 | B12: =DERS_PLANI!AF170 -> 0 | C12: =DERS_PLANI!AF182 -> 0 | D12: =DERS_PLANI!AF194 -> 0 | E12: =DERS_PLANI!AF206 -> 0 | F12: =DERS_PLANI!AF218 -> 0
A13: 19:10 - 20:00 | B13: =DERS_PLANI!AF171 -> 0 | C13: =DERS_PLANI!AF183 -> 0 | D13: =DERS_PLANI!AF195 -> 0 | E13: =DERS_PLANI!AF207 -> 0 | F13: =DERS_PLANI!AF219 -> 0
A14: 20:10 - 21:00 | B14: =DERS_PLANI!AF172 -> 0 | C14: =DERS_PLANI!AF184 -> 0 | D14: =DERS_PLANI!AF196 -> 0 | E14: =DERS_PLANI!AF208 -> 0 | F14: =DERS_PLANI!AF220 -> 0

Sheet C 070
A1: C 070
A2: Saat/Gün | B2: Pazartesi | C2: Salı | D2: Çarşamba | E2: Perşembe | F2: Cuma
A3: 09.00 - 09.50 | B3: =DERS_PLANI!AE161 -> 0 | C3: =DERS_PLANI!AE173 -> 0 | D3: =DERS_PLANI!AE185 -> FAD 477 (Doç. Dr. Ece Kumkale Açıkgöz) | E3: =DERS_PLANI!AE197 -> IAD 132 (Prof. Dr. Özlem Erdoğdu Erkaslan) | F3: =DERS_PLANI!AE209 -> 0
A4: 09.55 - 10.45 | B4: =DERS_PLANI!AE162 -> 0 | C4: =DERS_PLANI!AE174 -> 0 | D4: =DERS_PLANI!AE186 -> FAD 477 (Doç. Dr. Ece Kumkale Açıkgöz) | E4: =DERS_PLANI!AE198 -> IAD 132 (Prof. Dr. Özlem Erdoğdu Erkaslan) | F4: =DERS_PLANI!AE210 -> 0
A5: 10.50 - 11.40 | B5: =DERS_PLANI!AE163 -> 0 | C5: =DERS_PLANI!AE175 -> 0 | D5: =DERS_PLANI!AE187 -> FAD 477 (Doç. Dr. Ece Kumkale Açıkgöz) | E5: =DERS_PLANI!AE199 -> IAD 132 (Prof. Dr. Özlem Erdoğdu Erkaslan) | F5: =DERS_PLANI!AE211 -> 0
A6: 12.20 - 13.10 | B6: =DERS_PLANI!AE164 -> 0 | C6: =DERS_PLANI!AE176 -> 0 | D6: =DERS_PLANI!AE188 -> FAD 363 (Dr. Nedim Kemer) | E6: =DERS_PLANI!AE200 -> 0 | F6: =DERS_PLANI!AE212 -> 0
A7: 13.15 - 14.05 | B7: =DERS_PLANI!AE165 -> 0 | C7: =DERS_PLANI!AE177 -> 0 | D7: =DERS_PLANI!AE189 -> FAD 363 (Dr. Nedim Kemer) | E7: =DERS_PLANI!AE201 -> 0 | F7: =DERS_PLANI!AE213 -> FAD 472 (Dr. Nedim Kemer)
A8: 14.10 - 15.00 | B8: =DERS_PLANI!AE166 -> 0 | C8: =DERS_PLANI!AE178 -> 0 | D8: =DERS_PLANI!AE190 -> FAD 363 (Dr. Nedim Kemer) | E8: =DERS_PLANI!AE202 -> 0 | F8: =DERS_PLANI!AE214 -> FAD 472 (Dr. Nedim Kemer)
A9: 15.20 - 16.10 | B9: =DERS_PLANI!AE167 -> 0 | C9: =DERS_PLANI!AE179 -> 0 | D9: =DERS_PLANI!AE191 -> 0 | E9: =DERS_PLANI!AE203 -> IAD 254 (Dr. Merve Şahika Erkan) | F9: =DERS_PLANI!AE215 -> FAD 472 (Dr. Nedim Kemer)
A10: 16.15 - 17.05 | B10: =DERS_PLANI!AE168 -> 0 | C10: =DERS_PLANI!AE180 -> 0 | D10: =DERS_PLANI!AE192 -> 0 | E10: =DERS_PLANI!AE204 -> IAD 254 (Dr. Merve Şahika Erkan) | F10: =DERS_PLANI!AE216 -> 0
A11: 17.10 - 18.00 | B11: =DERS_PLANI!AE169 -> 0 | C11: =DERS_PLANI!AE181 -> 0 | D11: =DERS_PLANI!AE193 -> 0 | E11: =DERS_PLANI!AE205 -> IAD 254 (Dr. Merve Şahika Erkan) | F11: =DERS_PLANI!AE217 -> 0
A12: 18:10 -19:00 | B12: =DERS_PLANI!AE170 -> 0 | C12: =DERS_PLANI!AE182 -> 0 | D12: =DERS_PLANI!AE194 -> 0 | E12: =DERS_PLANI!AE206 -> 0 | F12: =DERS_PLANI!AE218 -> 0
A13: 19:10 - 20:00 | B13: =DERS_PLANI!AE171 -> 0 | C13: =DERS_PLANI!AE183 -> 0 | D13: =DERS_PLANI!AE195 -> 0 | E13: =DERS_PLANI!AE207 -> 0 | F13: =DERS_PLANI!AE219 -> 0
A14: 20:10 - 21:00 | B14: =DERS_PLANI!AE172 -> 0 | C14: =DERS_PLANI!AE184 -> 0 | D14: =DERS_PLANI!AE196 -> 0 | E14: =DERS_PLANI!AE208 -> 0 | F14: =DERS_PLANI!AE220 -> 0

Sheet C 063
A1: C 063
A2: Saat/Gün | B2: Pazartesi | C2: Salı | D2: Çarşamba | E2: Perşembe | F2: Cuma
A3: 09.00 - 09.50 | B3: =DERS_PLANI!AD161 -> MYO - BIL 104 VERİ TABANI TEMELLERİ Ş1 | C3: =DERS_PLANI!AD173 -> MYO - BGT202 Adli Bilişim | D3: =DERS_PLANI!AD185 -> MYO - BIL206 GÖMÜLÜ SİSTEMLER ş1 | E3: =DERS_PLANI!AD197 -> MYO - BGT 106 AÇIK KAYNAK İŞLETİM SİSTEMİ ş2 | F3: =DERS_PLANI!AD209 -> MYO - BGT 106 AÇIK KAYNAK İŞLETİM SİSTEMİ ş4
A4: 09.55 - 10.45 | B4: =DERS_PLANI!AD162 -> MYO - BIL 104 VERİ TABANI TEMELLERİ Ş1 | C4: =DERS_PLANI!AD174 -> MYO - BGT202 Adli Bilişim | D4: =DERS_PLANI!AD186 -> MYO - BIL206 GÖMÜLÜ SİSTEMLER ş1 | E4: =DERS_PLANI!AD198 -> MYO - BGT 106 AÇIK KAYNAK İŞLETİM SİSTEMİ ş2 | F4: =DERS_PLANI!AD210 -> MYO - BGT 106 AÇIK KAYNAK İŞLETİM SİSTEMİ ş4
A5: 10.50 - 11.40 | B5: =DERS_PLANI!AD163 -> MYO - BIL 104 VERİ TABANI TEMELLERİ Ş1 | C5: =DERS_PLANI!AD175 -> MYO - BGT202 Adli Bilişim | D5: =DERS_PLANI!AD187 -> MYO - BIL206 GÖMÜLÜ SİSTEMLER ş1 | E5: =DERS_PLANI!AD199 -> MYO - BGT 106 AÇIK KAYNAK İŞLETİM SİSTEMİ ş2 | F5: =DERS_PLANI!AD211 -> MYO - BGT 106 AÇIK KAYNAK İŞLETİM SİSTEMİ ş4
A6: 12.20 - 13.10 | B6: =DERS_PLANI!AD164 -> MYO - BIL 104 VERİ TABANI TEMELLERİ Ş2 | C6: =DERS_PLANI!AD176 -> MYO - BIL 104 VERİ TABANI TEMELLERİ Ş2 | D6: =DERS_PLANI!AD188 -> MYO - BGT212 Sızma Testi | E6: =DERS_PLANI!AD200 -> MYO- BGT214 Siber Güvenlik Operasyon Yönetimi | F6: =DERS_PLANI!AD212 -> 0
A7: 13.15 - 14.05 | B7: =DERS_PLANI!AD165 -> MYO - BIL 104 VERİ TABANI TEMELLERİ Ş2 | C7: =DERS_PLANI!AD177 -> MYO - BIL 104 VERİ TABANI TEMELLERİ Ş2 | D7: =DERS_PLANI!AD189 -> MYO - BGT212 Sızma Testi | E7: =DERS_PLANI!AD201 -> MYO- BGT214 Siber Güvenlik Operasyon Yönetimi | F7: =DERS_PLANI!AD213 -> 0
A8: 14.10 - 15.00 | B8: =DERS_PLANI!AD166 -> MYO - BIL 104 VERİ TABANI TEMELLERİ Ş2 | C8: =DERS_PLANI!AD178 -> MYO - BIL 104 VERİ TABANI TEMELLERİ Ş2 | D8: =DERS_PLANI!AD190 -> MYO - BGT212 Sızma Testi | E8: =DERS_PLANI!AD202 -> MYO- BGT214 Siber Güvenlik Operasyon Yönetimi | F8: =DERS_PLANI!AD214 -> 0
A9: 15.20 - 16.10 | B9: =DERS_PLANI!AD167 -> MYO - BIL204 İNTERNET PROGRAMCILIĞI II Ş1 | C9: =DERS_PLANI!AD179 -> MYO - BIL 215 Nesne Tabanli Programlama II Ş3 | D9: =DERS_PLANI!AD191 -> MYO - BGT 106 AÇIK KAYNAK İŞLETİM SİSTEMİ ş1 | E9: =DERS_PLANI!AD203 -> MYO - BGT 106 AÇIK KAYNAK İŞLETİM SİSTEMİ ş3 | F9: =DERS_PLANI!AD215 -> 0
A10: 16.15 - 17.05 | B10: =DERS_PLANI!AD168 -> MYO - BIL204 İNTERNET PROGRAMCILIĞI II Ş1 | C10: =DERS_PLANI!AD180 -> MYO - BIL 215 Nesne Tabanli Programlama II Ş3 | D10: =DERS_PLANI!AD192 -> MYO - BGT 106 AÇIK KAYNAK İŞLETİM SİSTEMİ ş1 | E10: =DERS_PLANI!AD204 -> MYO - BGT 106 AÇIK KAYNAK İŞLETİM SİSTEMİ ş3 | F10: =DERS_PLANI!AD216 -> 0
A11: 17.10 - 18.00 | B11: =DERS_PLANI!AD169 -> MYO - BIL204 İNTERNET PROGRAMCILIĞI II Ş1 | C11: =DERS_PLANI!AD181 -> MYO - BIL 215 Nesne Tabanli Programlama II Ş3 | D11: =DERS_PLANI!AD193 -> MYO - BGT 106 AÇIK KAYNAK İŞLETİM SİSTEMİ ş1 | E11: =DERS_PLANI!AD205 -> MYO - BGT 106 AÇIK KAYNAK İŞLETİM SİSTEMİ ş3 | F11: =DERS_PLANI!AD217 -> 0
A12: 18:10 -19:00 | B12: =DERS_PLANI!AD170 -> 0 | C12: =DERS_PLANI!AD182 -> 0 | D12: =DERS_PLANI!AD194 -> 0 | E12: =DERS_PLANI!AD206 -> 0 | F12: =DERS_PLANI!AD218 -> 0
A13: 19:10 - 20:00 | B13: =DERS_PLANI!AD171 -> 0 | C13: =DERS_PLANI!AD183 -> 0 | D13: =DERS_PLANI!AD195 -> 0 | E13: =DERS_PLANI!AD207 -> 0 | F13: =DERS_PLANI!AD219 -> 0
A14: 20:10 - 21:00 | B14: =DERS_PLANI!AD172 -> 0 | C14: =DERS_PLANI!AD184 -> 0 | D14: =DERS_PLANI!AD196 -> 0 | E14: =DERS_PLANI!AD208 -> 0 | F14: =DERS_PLANI!AD220 -> 0

Sheet C 060
A1: C 070
A2: Saat/Gün | B2: Pazartesi | C2: Salı | D2: Çarşamba | E2: Perşembe | F2: Cuma
A3: 09.00 - 09.50 | B3: =DERS_PLANI!AC161 -> 0 | C3: =DERS_PLANI!AC173 -> 0 | D3: =DERS_PLANI!AC185 -> 0 | E3: =DERS_PLANI!AC197 -> 0 | F3: =DERS_PLANI!AC209 -> 0
A4: 09.55 - 10.45 | B4: =DERS_PLANI!AC162 -> 0 | C4: =DERS_PLANI!AC174 -> 0 | D4: =DERS_PLANI!AC186 -> 0 | E4: =DERS_PLANI!AC198 -> 0 | F4: =DERS_PLANI!AC210 -> 0
A5: 10.50 - 11.40 | B5: =DERS_PLANI!AC163 -> 0 | C5: =DERS_PLANI!AC175 -> 0 | D5: =DERS_PLANI!AC187 -> 0 | E5: =DERS_PLANI!AC199 -> 0 | F5: =DERS_PLANI!AC211 -> 0
A6: 12.20 - 13.10 | B6: =DERS_PLANI!AC164 -> 0 | C6: =DERS_PLANI!AC176 -> 0 | D6: =DERS_PLANI!AC188 -> 0 | E6: =DERS_PLANI!AC200 -> 0 | F6: =DERS_PLANI!AC212 -> 0
A7: 13.15 - 14.05 | B7: =DERS_PLANI!AC165 -> 0 | C7: =DERS_PLANI!AC177 -> 0 | D7: =DERS_PLANI!AC189 -> 0 | E7: =DERS_PLANI!AC201 -> 0 | F7: =DERS_PLANI!AC213 -> 0
A8: 14.10 - 15.00 | B8: =DERS_PLANI!AC166 -> 0 | C8: =DERS_PLANI!AC178 -> 0 | D8: =DERS_PLANI!AC190 -> 0 | E8: =DERS_PLANI!AC202 -> 0 | F8: =DERS_PLANI!AC214 -> 0
A9: 15.20 - 16.10 | B9: =DERS_PLANI!AC167 -> 0 | C9: =DERS_PLANI!AC179 -> 0 | D9: =DERS_PLANI!AC191 -> 0 | E9: =DERS_PLANI!AC203 -> 0 | F9: =DERS_PLANI!AC215 -> 0
A10: 16.15 - 17.05 | B10: =DERS_PLANI!AC168 -> 0 | C10: =DERS_PLANI!AC180 -> 0 | D10: =DERS_PLANI!AC192 -> 0 | E10: =DERS_PLANI!AC204 -> 0 | F10: =DERS_PLANI!AC216 -> 0
A11: 17.10 - 18.00 | B11: =DERS_PLANI!AC169 -> 0 | C11: =DERS_PLANI!AC181 -> 0 | D11: =DERS_PLANI!AC193 -> 0 | E11: =DERS_PLANI!AC205 -> 0 | F11: =DERS_PLANI!AC217 -> 0
A12: 18:10 -19:00 | B12: =DERS_PLANI!AC170 -> 0 | C12: =DERS_PLANI!AC182 -> 0 | D12: =DERS_PLANI!AC194 -> 0 | E12: =DERS_PLANI!AC206 -> 0 | F12: =DERS_PLANI!AC218 -> 0
A13: 19:10 - 20:00 | B13: =DERS_PLANI!AC171 -> 0 | C13: =DERS_PLANI!AC183 -> 0 | D13: =DERS_PLANI!AC195 -> 0 | E13: =DERS_PLANI!AC207 -> 0 | F13: =DERS_PLANI!AC219 -> 0
A14: 20:10 - 21:00 | B14: =DERS_PLANI!AC172 -> 0 | C14: =DERS_PLANI!AC184 -> 0 | D14: =DERS_PLANI!AC196 -> 0 | E14: =DERS_PLANI!AC208 -> 0 | F14: =DERS_PLANI!AC220 -> 0

Sheet C 056
A2: C 056
A3: Saat/Gün | B3: Pazartesi | C3: Salı | D3: Çarşamba | E3: Perşembe | F3: Cuma
A4: 09.00 - 09.50 | B4: =DERS_PLANI!Y161 -> "YBS 142 JAVA DOÇ.DR.GÜNEY GÜRSEL" | C4: =DERS_PLANI!Y173 -> MYO - BIL 215 Nesne Tabanli Programlama II Ş2 | D4: =DERS_PLANI!Y185 -> 0 | E4: =DERS_PLANI!Y197 -> MYO - BGT222 Veri Madenciliğİ | F4: =DERS_PLANI!Y209 -> 0
A5: 09.55 - 10.45 | B5: =DERS_PLANI!Y162 -> EEE 306 (Lab) - Sec 1 (Mahmut Mol) "YBS 142 JAVA DOÇ.DR.GÜNEY GÜRSEL" | C5: =DERS_PLANI!Y174 -> MYO - BIL 215 Nesne Tabanli Programlama II Ş2 | D5: =DERS_PLANI!Y186 -> CENG 332 (Lab) - Sec 1 | E5: =DERS_PLANI!Y198 -> MYO - BGT222 Veri Madenciliğİ | F5: =DERS_PLANI!Y210 -> CENG 332 (Lab) - Sec 1
A6: 10.50 - 11.40 | B6: =DERS_PLANI!Y163 -> EEE 306 (Lab) - Sec 1 (Mahmut Mol) "YBS 142 JAVA DOÇ.DR.GÜNEY GÜRSEL" | C6: =DERS_PLANI!Y175 -> MYO - BIL 215 Nesne Tabanli Programlama II Ş2 | D6: =DERS_PLANI!Y187 -> CENG 332 (Lab) - Sec 1 | E6: =DERS_PLANI!Y199 -> MYO - BGT222 Veri Madenciliğİ | F6: =DERS_PLANI!Y211 -> CENG 332 (Lab) - Sec 1
A7: 12.20 - 13.10 | B7: =DERS_PLANI!Y164 -> YBS 142 JAVA DOÇ.DR.GÜNEY GÜRSEL | C7: =DERS_PLANI!Y176 -> CENG 213 (Teorik) - Sec 1 (Yüksel Arslan) | D7: =DERS_PLANI!Y188 -> MYO - BIL204 İNTERNET PROGRAMCILIĞI II Ş2 | E7: =DERS_PLANI!Y200 -> MYO - BGT 104 SANALLAŞTIRMA VE BULUT TEKNOLOJİLERİ Ş2 | F7: =DERS_PLANI!Y212 -> 0
A8: 13.15 - 14.05 | B8: =DERS_PLANI!Y165 -> YBS 142 JAVA DOÇ.DR.GÜNEY GÜRSEL | C8: =DERS_PLANI!Y177 -> CENG 213 (Teorik) - Sec 1 (Yüksel Arslan) | D8: =DERS_PLANI!Y189 -> MYO - BIL204 İNTERNET PROGRAMCILIĞI II Ş2 | E8: =DERS_PLANI!Y201 -> MYO - BGT 104 SANALLAŞTIRMA VE BULUT TEKNOLOJİLERİ Ş2 | F8: =DERS_PLANI!Y213 -> 0
A9: 14.10 - 15.00 | B9: =DERS_PLANI!Y166 -> YBS 142 JAVA DOÇ.DR.GÜNEY GÜRSEL | C9: =DERS_PLANI!Y178 -> CENG 213 (Teorik) - Sec 1 (Yüksel Arslan) | D9: =DERS_PLANI!Y190 -> MYO - BIL204 İNTERNET PROGRAMCILIĞI II Ş2 | E9: =DERS_PLANI!Y202 -> MYO - BGT 104 SANALLAŞTIRMA VE BULUT TEKNOLOJİLERİ Ş2 | F9: =DERS_PLANI!Y214 -> 0
A10: 15.20 - 16.10 | B10: =DERS_PLANI!Y167 -> YBS 142 JAVA DOÇ.DR.GÜNEY GÜRSEL | C10: =DERS_PLANI!Y179 -> MYO - BIL210 VERİ YAPILARI Ş2 | D10: =DERS_PLANI!Y191 -> MYO - BIL206 GÖMÜLÜ SİSTEMLER ş2 | E10: =DERS_PLANI!Y203 -> 0 | F10: =DERS_PLANI!Y215 -> BM 332 (Lab) - Sec 1
A11: 16.15 - 17.05 | B11: =DERS_PLANI!Y168 -> YBS 142 JAVA DOÇ.DR.GÜNEY GÜRSEL | C11: =DERS_PLANI!Y180 -> MYO - BIL210 VERİ YAPILARI Ş2 | D11: =DERS_PLANI!Y192 -> MYO - BIL206 GÖMÜLÜ SİSTEMLER ş2 | E11: =DERS_PLANI!Y204 -> 0 | F11: =DERS_PLANI!Y216 -> BM 332 (Lab) - Sec 1
A12: 17.10 - 18.00 | B12: =DERS_PLANI!Y169 -> İTBF | C12: =DERS_PLANI!Y181 -> MYO - BIL210 VERİ YAPILARI Ş2 | D12: =DERS_PLANI!Y193 -> MYO - BIL206 GÖMÜLÜ SİSTEMLER ş2 | E12: =DERS_PLANI!Y205 -> 0 | F12: =DERS_PLANI!Y217 -> 0
A13: 18:10 -19:00 | B13: =DERS_PLANI!Y170 -> İTBF | C13: =DERS_PLANI!Y182 -> 0 | D13: =DERS_PLANI!Y194 -> 0 | E13: =DERS_PLANI!Y206 -> 0 | F13: =DERS_PLANI!Y218 -> 0
A14: 19:10 - 20:00 | B14: =DERS_PLANI!Y171 -> İTBF | C14: =DERS_PLANI!Y183 -> 0 | D14: =DERS_PLANI!Y195 -> 0 | E14: =DERS_PLANI!Y207 -> 0 | F14: =DERS_PLANI!Y219 -> 0
A15: 20:10 - 21:00 | B15: =DERS_PLANI!Y172 -> İTBF | C15: =DERS_PLANI!Y184 -> 0 | D15: =DERS_PLANI!Y196 -> 0 | E15: =DERS_PLANI!Y208 -> 0 | F15: =DERS_PLANI!Y220 -> 0

Sheet C 055
A1: C 055
A2: Saat/Gün | B2: Pazartesi | C2: Salı | D2: Çarşamba | E2: Perşembe | F2: Cuma
A3: 09.00 - 09.50 | B3: =DERS_PLANI!X161 -> MYO - BIL 122 JAVA İLE PROGRAMLAMA II Ş1 | C3: =DERS_PLANI!X173 -> MYO - ETP 202 MÜŞTERİ İLİŞKİLERİ YÖNETİMİ | D3: =DERS_PLANI!X185 -> MYO - BGT230 Blokzincir ve Güvenliği | E3: =DERS_PLANI!X197 -> MYO - ETP223 Uluslararası Pazarlama | F3: =DERS_PLANI!X209 -> 0
A4: 09.55 - 10.45 | B4: =DERS_PLANI!X162 -> MYO - BIL 122 JAVA İLE PROGRAMLAMA II Ş1 | C4: =DERS_PLANI!X174 -> MYO - ETP 202 MÜŞTERİ İLİŞKİLERİ YÖNETİMİ | D4: =DERS_PLANI!X186 -> MYO - BGT230 Blokzincir ve Güvenliği | E4: =DERS_PLANI!X198 -> MYO - ETP223 Uluslararası Pazarlama | F4: =DERS_PLANI!X210 -> 0
A5: 10.50 - 11.40 | B5: =DERS_PLANI!X163 -> MYO - BIL 122 JAVA İLE PROGRAMLAMA II Ş1 | C5: =DERS_PLANI!X175 -> MYO - ETP 202 MÜŞTERİ İLİŞKİLERİ YÖNETİMİ | D5: =DERS_PLANI!X187 -> MYO - BGT230 Blokzincir ve Güvenliği | E5: =DERS_PLANI!X199 -> MYO - ETP223 Uluslararası Pazarlama | F5: =DERS_PLANI!X211 -> 0
A6: 12.20 - 13.10 | B6: =DERS_PLANI!X164 -> MYO - BIL 122 JAVA İLE PROGRAMLAMA II Ş2 | C6: =DERS_PLANI!X176 -> MYO - BGT206 Kriptolojinin Temeller | D6: =DERS_PLANI!X188 -> MYO - ETP 108 YENİ MEDYA VE REKLAM ş1 | E6: =DERS_PLANI!X200 -> MYO - ETP 208 GİRİŞİMCİLİK | F6: =DERS_PLANI!X212 -> 0
A7: 13.15 - 14.05 | B7: =DERS_PLANI!X165 -> MYO - BIL 122 JAVA İLE PROGRAMLAMA II Ş2 | C7: =DERS_PLANI!X177 -> MYO - BGT206 Kriptolojinin Temeller | D7: =DERS_PLANI!X189 -> MYO - ETP 108 YENİ MEDYA VE REKLAM ş2 | E7: =DERS_PLANI!X201 -> MYO - ETP 208 GİRİŞİMCİLİK | F7: =DERS_PLANI!X213 -> 0
A8: 14.10 - 15.00 | B8: =DERS_PLANI!X166 -> MYO - BIL 122 JAVA İLE PROGRAMLAMA II Ş2 | C8: =DERS_PLANI!X178 -> MYO - BGT206 Kriptolojinin Temeller | D8: =DERS_PLANI!X190 -> MYO - ETP 108 YENİ MEDYA VE REKLAM ş3 | E8: =DERS_PLANI!X202 -> MYO - ETP 208 GİRİŞİMCİLİK | F8: =DERS_PLANI!X214 -> 0
A9: 15.20 - 16.10 | B9: =DERS_PLANI!X167 -> 0 | C9: =DERS_PLANI!AJ179 -> MYO - ETP 110 İŞLETME YÖNETİMİ | D9: =DERS_PLANI!X191 -> 0 | E9: =DERS_PLANI!X203 -> 0 | F9: =DERS_PLANI!X215 -> 0
A10: 16.15 - 17.05 | B10: =DERS_PLANI!X168 -> 0 | C10: =DERS_PLANI!AJ180 -> MYO - ETP 110 İŞLETME YÖNETİMİ | D10: =DERS_PLANI!X192 -> 0 | E10: =DERS_PLANI!X204 -> 0 | F10: =DERS_PLANI!X216 -> 0
A11: 17.10 - 18.00 | B11: =DERS_PLANI!X169 -> 0 | C11: =DERS_PLANI!AJ181 -> MYO - ETP 110 İŞLETME YÖNETİMİ | D11: =DERS_PLANI!X193 -> 0 | E11: =DERS_PLANI!X205 -> 0 | F11: =DERS_PLANI!X217 -> 0
A12: 18:10 -19:00 | B12: =DERS_PLANI!X170 -> 0 | C12: =DERS_PLANI!X182 -> 0 | D12: =DERS_PLANI!X194 -> 0 | E12: =DERS_PLANI!X206 -> 0 | F12: =DERS_PLANI!X218 -> 0
A13: 19:10 - 20:00 | B13: =DERS_PLANI!X171 -> 0 | C13: =DERS_PLANI!X183 -> 0 | D13: =DERS_PLANI!X195 -> 0 | E13: =DERS_PLANI!X207 -> 0 | F13: =DERS_PLANI!X219 -> 0
A14: 20:10 - 21:00 | B14: =DERS_PLANI!X172 -> 0 | C14: =DERS_PLANI!X184 -> 0 | D14: =DERS_PLANI!X196 -> 0 | E14: =DERS_PLANI!X208 -> 0 | F14: =DERS_PLANI!X220 -> 0

Sheet C 054
A1: C 054
A2: Saat/Gün | B2: Pazartesi | C2: Salı | D2: Çarşamba | E2: Perşembe | F2: Cuma
A3: 09.00 - 09.50 | B3: =DERS_PLANI!W161 -> ISE 222 (Teorik) - Sec 1 (Didem Tufan) | C3: =DERS_PLANI!W173 -> EEE 332 (Teorik) - Sec 1 (Ataberk Necati) | D3: =DERS_PLANI!W185 -> EEE 455 (Teorik) - Sec 1 (Yusuf Uzun) | E3: =DERS_PLANI!W197 -> ISE 332 (Teorik) - Sec 1 (Didem Tufan) | F3: =DERS_PLANI!W209 -> 0
A4: 09.55 - 10.45 | B4: =DERS_PLANI!W162 -> ISE 222 (Teorik) - Sec 1 (Didem Tufan) | C4: =DERS_PLANI!W174 -> EEE 332 (Teorik) - Sec 1 (Ataberk Necati) | D4: =DERS_PLANI!W186 -> EEE 455 (Teorik) - Sec 1 (Yusuf Uzun) | E4: =DERS_PLANI!W198 -> ISE 332 (Teorik) - Sec 1 (Didem Tufan) | F4: =DERS_PLANI!W210 -> 0
A5: 10.50 - 11.40 | B5: =DERS_PLANI!W163 -> ISE 222 (Teorik) - Sec 1 (Didem Tufan) | C5: =DERS_PLANI!W175 -> EEE 332 (Teorik) - Sec 1 (Ataberk Necati) | D5: =DERS_PLANI!W187 -> EEE 455 (Teorik) - Sec 1 (Yusuf Uzun) | E5: =DERS_PLANI!W199 -> ISE 332 (Teorik) - Sec 1 (Didem Tufan) | F5: =DERS_PLANI!W211 -> 0
A6: 12.20 - 13.10 | B6: =DERS_PLANI!W164 -> BM 384 (Teorik) - Sec 1 (Mustafa İlarslan) | C6: =DERS_PLANI!W176 -> EEE 484 (Teorik) - Sec 1 (Ataberk Necati) | D6: =DERS_PLANI!W188 -> ISE 350/SENG 413 (Teorik) - Sec 1 (Ender Sevinç) | E6: =DERS_PLANI!W200 -> BM 424 (Teorik) - Sec 1 (Halil Özmen) | F6: =DERS_PLANI!W212 -> 0
A7: 13.15 - 14.05 | B7: =DERS_PLANI!W165 -> BM 384 (Teorik) - Sec 1 (Mustafa İlarslan) | C7: =DERS_PLANI!W177 -> EEE 484 (Teorik) - Sec 1 (Ataberk Necati) | D7: =DERS_PLANI!W189 -> ISE 350/SENG 413 (Teorik) - Sec 1 (Ender Sevinç) | E7: =DERS_PLANI!W201 -> BM 424 (Teorik) - Sec 1 (Halil Özmen) | F7: =DERS_PLANI!W213 -> 0
A8: 14.10 - 15.00 | B8: =DERS_PLANI!W166 -> BM 384 (Teorik) - Sec 1 (Mustafa İlarslan) | C8: =DERS_PLANI!W178 -> EEE 484 (Teorik) - Sec 1 (Ataberk Necati) | D8: =DERS_PLANI!W190 -> ISE 350/SENG 413 (Teorik) - Sec 1 (Ender Sevinç) | E8: =DERS_PLANI!W202 -> BM 424 (Teorik) - Sec 1 (Halil Özmen) | F8: =DERS_PLANI!W214 -> 0
A9: 15.20 - 16.10 | B9: =DERS_PLANI!W167 -> 0 | C9: =DERS_PLANI!W179 -> 0 | D9: =DERS_PLANI!W191 -> BM 264 (Teorik) - Sec 1 (Sarper Alkan) | E9: =DERS_PLANI!W203 -> 0 | F9: =DERS_PLANI!W215 -> 0
A10: 16.15 - 17.05 | B10: =DERS_PLANI!W168 -> 0 | C10: =DERS_PLANI!W180 -> 0 | D10: =DERS_PLANI!W192 -> BM 264 (Teorik) - Sec 1 (Sarper Alkan) | E10: =DERS_PLANI!W204 -> 0 | F10: =DERS_PLANI!W216 -> 0
A11: 17.10 - 18.00 | B11: =DERS_PLANI!W169 -> 0 | C11: =DERS_PLANI!W181 -> 0 | D11: =DERS_PLANI!W193 -> BM 264 (Teorik) - Sec 1 (Sarper Alkan) | E11: =DERS_PLANI!W205 -> 0 | F11: =DERS_PLANI!W217 -> 0
A12: 18:10 -19:00 | B12: =DERS_PLANI!W170 -> 0 | C12: =DERS_PLANI!W182 -> 0 | D12: =DERS_PLANI!W194 -> 0 | E12: =DERS_PLANI!W206 -> 0 | F12: =DERS_PLANI!W218 -> 0
A13: 19:10 - 20:00 | B13: =DERS_PLANI!W171 -> 0 | C13: =DERS_PLANI!W183 -> 0 | D13: =DERS_PLANI!W195 -> 0 | E13: =DERS_PLANI!W207 -> 0 | F13: =DERS_PLANI!W219 -> 0
A14: 20:10 - 21:00 | B14: =DERS_PLANI!W172 -> 0 | C14: =DERS_PLANI!W184 -> 0 | D14: =DERS_PLANI!W196 -> 0 | E14: =DERS_PLANI!W208 -> 0 | F14: =DERS_PLANI!W220 -> 0

Sheet L 037
A1: L 037
A2: Saat/Gün | B2: Pazartesi | C2: Salı | D2: Çarşamba | E2: Perşembe | F2: Cuma
A3: 09.00 - 09.50 | B3: =DERS_PLANI!U161 -> 0 | C3: =DERS_PLANI!U173 -> 0 | D3: =DERS_PLANI!U185 -> 0 | E3: =DERS_PLANI!U197 -> 0 | F3: =DERS_PLANI!U209 -> 0
A4: 09.55 - 10.45 | B4: =DERS_PLANI!U162 -> 0 | C4: =DERS_PLANI!U174 -> 0 | D4: =DERS_PLANI!U186 -> 0 | E4: =DERS_PLANI!U198 -> 0 | F4: =DERS_PLANI!U210 -> 0
A5: 10.50 - 11.40 | B5: =DERS_PLANI!U163 -> 0 | C5: =DERS_PLANI!U175 -> 0 | D5: =DERS_PLANI!U187 -> 0 | E5: =DERS_PLANI!U199 -> 0 | F5: =DERS_PLANI!U211 -> 0
A6: 12.20 - 13.10 | B6: =DERS_PLANI!U164 -> 0 | C6: =DERS_PLANI!U176 -> 0 | D6: =DERS_PLANI!U188 -> 0 | E6: =DERS_PLANI!U200 -> 0 | F6: =DERS_PLANI!U212 -> 0
A7: 13.15 - 14.05 | B7: =DERS_PLANI!U165 -> 0 | C7: =DERS_PLANI!U177 -> 0 | D7: =DERS_PLANI!U189 -> 0 | E7: =DERS_PLANI!U201 -> 0 | F7: =DERS_PLANI!U213 -> 0
A8: 14.10 - 15.00 | B8: =DERS_PLANI!U166 -> 0 | C8: =DERS_PLANI!U178 -> 0 | D8: =DERS_PLANI!U190 -> 0 | E8: =DERS_PLANI!U202 -> 0 | F8: =DERS_PLANI!U214 -> 0
A9: 15.20 - 16.10 | B9: =DERS_PLANI!U167 -> 0 | C9: =DERS_PLANI!U179 -> 0 | D9: =DERS_PLANI!U191 -> 0 | E9: =DERS_PLANI!U203 -> 0 | F9: =DERS_PLANI!U215 -> 0
A10: 16.15 - 17.05 | B10: =DERS_PLANI!U168 -> 0 | C10: =DERS_PLANI!U180 -> 0 | D10: =DERS_PLANI!U192 -> 0 | E10: =DERS_PLANI!U204 -> 0 | F10: =DERS_PLANI!U216 -> 0
A11: 17.10 - 18.00 | B11: =DERS_PLANI!U169 -> 0 | C11: =DERS_PLANI!U181 -> 0 | D11: =DERS_PLANI!U193 -> 0 | E11: =DERS_PLANI!U205 -> 0 | F11: =DERS_PLANI!U217 -> 0
A12: 18:10 -19:00
A13: 19:10 - 20:00
A14: 20:10 - 21:00

Sheet C 053
A1: C 053
A2: Saat/Gün | B2: Pazartesi | C2: Salı | D2: Çarşamba | E2: Perşembe | F2: Cuma
A3: 09.00 - 09.50 | B3: =DERS_PLANI!V161 -> 0 | C3: =DERS_PLANI!V173 -> 0 | D3: =DERS_PLANI!V185 -> 0 | E3: =DERS_PLANI!W197 -> ISE 332 (Teorik) - Sec 1 (Didem Tufan) | F3: =DERS_PLANI!V209 -> 0
A4: 09.55 - 10.45 | B4: =DERS_PLANI!V162 -> MYO - TAP 106 BASKI TEKNİKLERİ | C4: =DERS_PLANI!V174 -> ING 102 - 03 (MYO) | D4: =DERS_PLANI!V186 -> MYO - TAP 106 BASKI TEKNİKLERİ | E4: =DERS_PLANI!W198 -> ISE 332 (Teorik) - Sec 1 (Didem Tufan) | F4: =DERS_PLANI!V210 -> 0
A5: 10.50 - 11.40 | B5: =DERS_PLANI!V163 -> MYO - TAP 106 BASKI TEKNİKLERİ | C5: =DERS_PLANI!V175 -> ING 102 - 03 (MYO) | D5: =DERS_PLANI!V187 -> MYO - TAP 106 BASKI TEKNİKLERİ | E5: =DERS_PLANI!W199 -> ISE 332 (Teorik) - Sec 1 (Didem Tufan) | F5: =DERS_PLANI!V211 -> 0
A6: 12.20 - 13.10 | B6: =DERS_PLANI!V164 -> ING 102 - 02 (MYO) | C6: =DERS_PLANI!V176 -> ING 102 - 04 (MYO) | D6: =DERS_PLANI!V188 -> ING 102 - 07 (MYO) | E6: =DERS_PLANI!W200 -> BM 424 (Teorik) - Sec 1 (Halil Özmen) | F6: =DERS_PLANI!V212 -> 0
A7: 13.15 - 14.05 | B7: =DERS_PLANI!V165 -> ING 102 - 02 (MYO) | C7: =DERS_PLANI!V177 -> ING 102 - 04 (MYO) | D7: =DERS_PLANI!V189 -> ING 102 - 07 (MYO) | E7: =DERS_PLANI!W201 -> BM 424 (Teorik) - Sec 1 (Halil Özmen) | F7: =DERS_PLANI!V213 -> 0
A8: 14.10 - 15.00 | B8: =DERS_PLANI!V166 -> 0 | C8: =DERS_PLANI!V178 -> 0 | D8: =DERS_PLANI!V190 -> 0 | E8: =DERS_PLANI!W202 -> BM 424 (Teorik) - Sec 1 (Halil Özmen) | F8: =DERS_PLANI!V214 -> 0
A9: 15.20 - 16.10 | B9: =DERS_PLANI!V167 -> ING 102 - 03 (MYO) | C9: =DERS_PLANI!V179 -> 0 | D9: =DERS_PLANI!V191 -> MYO -IHA206 ARIZA ANALİZİ | E9: =DERS_PLANI!W203 -> 0 | F9: =DERS_PLANI!V215 -> 0
A10: 16.15 - 17.05 | B10: =DERS_PLANI!V168 -> ING 102 - 03 (MYO) | C10: =DERS_PLANI!V180 -> 0 | D10: =DERS_PLANI!V192 -> MYO -IHA206 ARIZA ANALİZİ | E10: =DERS_PLANI!W204 -> 0 | F10: =DERS_PLANI!V216 -> 0
A11: 17.10 - 18.00 | B11: =DERS_PLANI!V169 -> 0 | C11: =DERS_PLANI!V181 -> 0 | D11: =DERS_PLANI!V193 -> MYO -IHA206 ARIZA ANALİZİ | E11: =DERS_PLANI!W205 -> 0 | F11: =DERS_PLANI!V217 -> 0
A12: 18:10 -19:00 | B12: =DERS_PLANI!V170 -> 0 | C12: =DERS_PLANI!V182 -> 0 | D12: =DERS_PLANI!V194 -> 0 | E12: =DERS_PLANI!W206 -> 0 | F12: =DERS_PLANI!V218 -> 0
A13: 19:10 - 20:00 | B13: =DERS_PLANI!V171 -> 0 | C13: =DERS_PLANI!V183 -> 0 | D13: =DERS_PLANI!V195 -> 0 | E13: =DERS_PLANI!W207 -> 0 | F13: =DERS_PLANI!V219 -> 0
A14: 20:10 - 21:00 | B14: =DERS_PLANI!V172 -> 0 | C14: =DERS_PLANI!V184 -> 0 | D14: =DERS_PLANI!V196 -> 0 | E14: =DERS_PLANI!W208 -> 0 | F14: =DERS_PLANI!V220 -> 0

Sheet C 036
A1: C 036
A2: Saat/Gün | B2: Pazartesi | C2: Salı | D2: Çarşamba | E2: Perşembe | F2: Cuma
A3: 09.00 - 09.50 | B3: =DERS_PLANI!T161 -> SENG 264 (Teorik) - Sec 1 (Sarper Alkan) | C3: =DERS_PLANI!T173 -> CENG 102 (Teorik) - Sec 2 (Hasan Karaaslan) | D3: =DERS_PLANI!T185 -> MATH 224 (Teorik) - Sec 1(Mustafa Akkaya) | E3: =DERS_PLANI!T197 -> EEE 302 (Teorik) - Sec 1 (Yusuf Uzun) | F3: =DERS_PLANI!T209 -> MATH 206 (Teorik) - Sec 2 (Benhür Satır)
A4: 09.55 - 10.45 | B4: =DERS_PLANI!T162 -> SENG 264 (Teorik) - Sec 1 (Sarper Alkan) | C4: =DERS_PLANI!T174 -> CENG 102 (Teorik) - Sec 2 (Hasan Karaaslan) | D4: =DERS_PLANI!T186 -> MATH 224 (Teorik) - Sec 1(Mustafa Akkaya) | E4: =DERS_PLANI!T198 -> EEE 302 (Teorik) - Sec 1 (Yusuf Uzun) | F4: =DERS_PLANI!T210 -> MATH 206 (Teorik) - Sec 2 (Benhür Satır)
A5: 10.50 - 11.40 | B5: =DERS_PLANI!T163 -> SENG 264 (Teorik) - Sec 1 (Sarper Alkan) | C5: =DERS_PLANI!T175 -> CENG 102 (Teorik) - Sec 2 (Hasan Karaaslan) | D5: =DERS_PLANI!T187 -> MATH 224 (Teorik) - Sec 1(Mustafa Akkaya) | E5: =DERS_PLANI!T199 -> EEE 302 (Teorik) - Sec 1 (Yusuf Uzun) | F5: =DERS_PLANI!T211 -> MATH 206 (Teorik) - Sec 2 (Benhür Satır)
A6: 12.20 - 13.10 | B6: =DERS_PLANI!T164 -> CENG 214 (Teorik) - Sec 1 (Mesut Ünlü) | C6: =DERS_PLANI!T176 -> CENG 384 (Teorik) - Sec 2 (Hakan Çağlar) | D6: =DERS_PLANI!T188 -> BM 256 (Teorik) - Sec 1 (Ekrem Çağlar) | E6: =DERS_PLANI!T200 -> SENG 448 (Teorik) - Sec 1 (Hakan Çağlar) | F6: =DERS_PLANI!T212 -> 0
A7: 13.15 - 14.05 | B7: =DERS_PLANI!T165 -> CENG 214 (Teorik) - Sec 1 (Mesut Ünlü) | C7: =DERS_PLANI!T177 -> CENG 384 (Teorik) - Sec 2 (Hakan Çağlar) | D7: =DERS_PLANI!T189 -> BM 256 (Teorik) - Sec 1 (Ekrem Çağlar) | E7: =DERS_PLANI!T201 -> SENG 448 (Teorik) - Sec 1 (Hakan Çağlar) | F7: =DERS_PLANI!T213 -> 0
A8: 14.10 - 15.00 | B8: =DERS_PLANI!T166 -> CENG 214 (Teorik) - Sec 1 (Mesut Ünlü) | C8: =DERS_PLANI!T178 -> CENG 384 (Teorik) - Sec 2 (Hakan Çağlar) | D8: =DERS_PLANI!T190 -> BM 256 (Teorik) - Sec 1 (Ekrem Çağlar) | E8: =DERS_PLANI!T202 -> SENG 448 (Teorik) - Sec 1 (Hakan Çağlar) | F8: =DERS_PLANI!T214 -> 0
A9: 15.20 - 16.10 | B9: =DERS_PLANI!T167 -> MYO - MAT121 Matematik I | C9: =DERS_PLANI!T179 -> ENG 302 - 8 | D9: =DERS_PLANI!T191 -> MYO - MAT122 Matematik II | E9: =DERS_PLANI!T203 -> MYO -BIL 114 SİSTEM ANALİZİ VE TASARIMI | F9: =DERS_PLANI!T215 -> MATH 206 (Teorik) - Sec 3 (Benhür Satır)
A10: 16.15 - 17.05 | B10: =DERS_PLANI!T168 -> MYO - MAT121 Matematik I | C10: =DERS_PLANI!T180 -> ENG 302 - 8 | D10: =DERS_PLANI!T192 -> MYO - MAT122 Matematik II | E10: =DERS_PLANI!T204 -> MYO -BIL 114 SİSTEM ANALİZİ VE TASARIMI | F10: =DERS_PLANI!T216 -> MATH 206 (Teorik) - Sec 3 (Benhür Satır)
A11: 17.10 - 18.00 | B11: =DERS_PLANI!T169 -> MYO - MAT121 Matematik I | C11: =DERS_PLANI!T181 -> 0 | D11: =DERS_PLANI!T193 -> MYO - MAT122 Matematik II | E11: =DERS_PLANI!T205 -> 0 | F11: =DERS_PLANI!T217 -> MATH 206 (Teorik) - Sec 3 (Benhür Satır)
A12: 18:10 -19:00 | B12: =DERS_PLANI!T170 -> 0 | C12: =DERS_PLANI!T182 -> 0 | D12: =DERS_PLANI!T194 -> 0 | E12: =DERS_PLANI!T206 -> 0 | F12: =DERS_PLANI!T218 -> 0
A13: 19:10 - 20:00 | B13: =DERS_PLANI!T171 -> 0 | C13: =DERS_PLANI!T183 -> 0 | D13: =DERS_PLANI!T195 -> 0 | E13: =DERS_PLANI!T207 -> 0 | F13: =DERS_PLANI!T219 -> 0
A14: 20:10 - 21:00 | B14: =DERS_PLANI!T172 -> 0 | C14: =DERS_PLANI!T184 -> 0 | D14: =DERS_PLANI!T196 -> 0 | E14: =DERS_PLANI!T208 -> 0 | F14: =DERS_PLANI!T220 -> 0

Sheet C 035
A1: C 035
A2: Saat/Gün | B2: Pazartesi | C2: Salı | D2: Çarşamba | E2: Perşembe | F2: Cuma
A3: 09:10-10:00 | B3: =DERS_PLANI!S161 -> HUK114 | C3: =DERS_PLANI!S173 -> 0 | D3: =DERS_PLANI!S185 -> HUk212 | E3: =DERS_PLANI!S197 -> 0 | F3: =DERS_PLANI!S209 -> HUK210
A4: 10:10-11:00 | B4: =DERS_PLANI!S162 -> HUK114 | C4: =DERS_PLANI!S174 -> HUK202 | D4: =DERS_PLANI!S186 -> HUk212 | E4: =DERS_PLANI!S198 -> HUK206 | F4: =DERS_PLANI!S210 -> HUK210
A5: 11:10-12:00 | B5: =DERS_PLANI!S163 -> HUK114 | C5: =DERS_PLANI!S175 -> HUK202 | D5: =DERS_PLANI!S187 -> HUk212 | E5: =DERS_PLANI!S199 -> HUK206 | F5: =DERS_PLANI!S211 -> HUK210
A6: 12:10-13:00 | B6: =DERS_PLANI!S164 -> HUK208 | C6: =DERS_PLANI!S176 -> HUK206 | D6: =DERS_PLANI!S188 -> HUK202 | E6: =DERS_PLANI!S200 -> HUK206 | F6: =DERS_PLANI!S212 -> 0
A7: 13:10-14:00 | B7: =DERS_PLANI!S165 -> HUK208 | C7: =DERS_PLANI!S177 -> HUK206 | D7: =DERS_PLANI!S189 -> HUK202 | E7: =DERS_PLANI!S201 -> HUK204 | F7: =DERS_PLANI!S213 -> 0
A8: 14:10-15:00 | B8: =DERS_PLANI!S166 -> HUK208 | C8: =DERS_PLANI!S178 -> HUK206 | D8: =DERS_PLANI!S190 -> HUK202 | E8: =DERS_PLANI!S202 -> HUK204 | F8: =DERS_PLANI!S214 -> HUK204
A9: 15:10-16:00 | B9: =DERS_PLANI!S167 -> HUK208 | C9: =DERS_PLANI!S179 -> SEC258 | D9: =DERS_PLANI!S191 -> SEC260 | E9: =DERS_PLANI!S203 -> SEC256/CMM 228 | F9: =DERS_PLANI!S215 -> HUK204
A10: 16:10-17:00 | B10: =DERS_PLANI!S168 -> 0 | C10: =DERS_PLANI!S180 -> SEC258 | D10: =DERS_PLANI!S192 -> SEC260 | E10: =DERS_PLANI!S204 -> SEC256/CMM 228 | F10: =DERS_PLANI!S216 -> 0
A11: 17:10-18:00 | B11: =DERS_PLANI!S169 -> 0 | C11: =DERS_PLANI!S181 -> 0 | D11: =DERS_PLANI!S193 -> 0 | E11: =DERS_PLANI!S205 -> SEC256/CMM 228 | F11: =DERS_PLANI!S217 -> 0
A12: 18:10 -19:00 | B12: =DERS_PLANI!S170 -> 0 | C12: =DERS_PLANI!S182 -> 0 | D12: =DERS_PLANI!S194 -> 0 | E12: =DERS_PLANI!S206 -> 0 | F12: =DERS_PLANI!S218 -> 0
A13: 19:10 - 20:00 | B13: =DERS_PLANI!S171 -> 0 | C13: =DERS_PLANI!S183 -> 0 | D13: =DERS_PLANI!S195 -> 0 | E13: =DERS_PLANI!S207 -> 0 | F13: =DERS_PLANI!S219 -> 0
A14: 20:10 - 21:00 | B14: =DERS_PLANI!S172 -> 0 | C14: =DERS_PLANI!S184 -> 0 | D14: =DERS_PLANI!S196 -> 0 | E14: =DERS_PLANI!S208 -> 0 | F14: =DERS_PLANI!S220 -> 0

Sheet C 034
A1: C 034
A2: Saat/Gün | B2: Pazartesi | C2: Salı | D2: Çarşamba | E2: Perşembe | F2: Cuma
A3: 09:10-10:00 | B3: =DERS_PLANI!R161 -> HUK416 | C3: =DERS_PLANI!R173 -> HUK106/126 | D3: =DERS_PLANI!R185 -> HUK114 | E3: =DERS_PLANI!R197 -> 0 | F3: =DERS_PLANI!R209 -> HUK112/122
A4: 10:10-11:00 | B4: =DERS_PLANI!R162 -> HUK416 | C4: =DERS_PLANI!R174 -> HUK106/126 | D4: =DERS_PLANI!R186 -> HUK114 | E4: =DERS_PLANI!R198 -> HUK104/124 | F4: =DERS_PLANI!R210 -> HUK112/122
A5: 11:10-12:00 | B5: =DERS_PLANI!R163 -> HUK416 | C5: =DERS_PLANI!R175 -> HUK106/126 | D5: =DERS_PLANI!R187 -> HUK114 | E5: =DERS_PLANI!R199 -> HUK104/124 | F5: =DERS_PLANI!R211 -> HUK112/122
A6: 12:10-13:00 | B6: =DERS_PLANI!R164 -> HUK402 | C6: =DERS_PLANI!R176 -> HUK106/126 | D6: =DERS_PLANI!R188 -> HUK106/126 | E6: =DERS_PLANI!R200 -> HUK104/124 | F6: =DERS_PLANI!R212 -> 0
A7: 13:10-14:00 | B7: =DERS_PLANI!R165 -> HUK402 | C7: =DERS_PLANI!R177 -> ECON102 | D7: =DERS_PLANI!R189 -> HUK106/126 | E7: =DERS_PLANI!R201 -> HUK104/124 | F7: =DERS_PLANI!R213 -> 0
A8: 14:10-15:00 | B8: =DERS_PLANI!R166 -> HUK402 | C8: =DERS_PLANI!R178 -> ECON102 | D8: =DERS_PLANI!R190 -> HUK106/126 | E8: =DERS_PLANI!R202 -> HUK104/124 | F8: =DERS_PLANI!R214 -> 0
A9: 15:10-16:00 | B9: =DERS_PLANI!R167 -> HUK402 | C9: =DERS_PLANI!R179 -> ECON102 | D9: =DERS_PLANI!R191 -> HUK106/126 | E9: =DERS_PLANI!R203 -> HUk110/122 | F9: =DERS_PLANI!R215 -> 0
A10: 16:10-17:00 | B10: =DERS_PLANI!R168 -> 0 | C10: =DERS_PLANI!R180 -> 0 | D10: =DERS_PLANI!R192 -> 0 | E10: =DERS_PLANI!R204 -> HUk110/122 | F10: =DERS_PLANI!R216 -> 0
A11: 17:10-18:00 | B11: =DERS_PLANI!R169 -> 0 | C11: =DERS_PLANI!R181 -> 0 | D11: =DERS_PLANI!R193 -> 0 | E11: =DERS_PLANI!R205 -> 0 | F11: =DERS_PLANI!R217 -> 0
A12: 18:10 -19:00 | B12: =DERS_PLANI!R170 -> 0 | C12: =DERS_PLANI!R182 -> 0 | D12: =DERS_PLANI!R194 -> 0 | E12: =DERS_PLANI!R206 -> 0 | F12: =DERS_PLANI!R218 -> 0
A13: 19:10 - 20:00 | B13: =DERS_PLANI!R171 -> 0 | C13: =DERS_PLANI!R183 -> 0 | D13: =DERS_PLANI!R195 -> 0 | E13: =DERS_PLANI!R207 -> 0 | F13: =DERS_PLANI!R219 -> 0
A14: 20:10 - 21:00 | B14: =DERS_PLANI!R172 -> 0 | C14: =DERS_PLANI!R184 -> 0 | D14: =DERS_PLANI!R196 -> 0 | E14: =DERS_PLANI!R208 -> 0 | F14: =DERS_PLANI!R220 -> 0

Sheet C 027
A1: C 027
A2: Saat/Gün | B2: Pazartesi | C2: Salı | D2: Çarşamba | E2: Perşembe | F2: Cuma
A3: 09:10-10:00 | B3: =DERS_PLANI!Q161 -> FEL 101 | C3: =DERS_PLANI!Q173 -> YBS 132 EKONOMİ DR. ADİL AKKUŞ | D3: =DERS_PLANI!Q185 -> MIS 122 (Dr. Bayar) | E3: =DERS_PLANI!Q197 -> PSİ 219 | F3: =DERS_PLANI!Q209 -> PSİ 103
A4: 10:10-11:00 | B4: =DERS_PLANI!Q162 -> FEL 101 | C4: =DERS_PLANI!Q174 -> YBS 132 EKONOMİ DR. ADİL AKKUŞ | D4: =DERS_PLANI!Q186 -> MIS 122 (Dr. Bayar) | E4: =DERS_PLANI!Q198 -> PSİ 219 | F4: =DERS_PLANI!Q210 -> PSİ 103
A5: 11:10-12:00 | B5: =DERS_PLANI!Q163 -> FEL 101 | C5: =DERS_PLANI!Q175 -> YBS 132 EKONOMİ DR. ADİL AKKUŞ | D5: =DERS_PLANI!Q187 -> MIS 122 (Dr. Bayar) | E5: =DERS_PLANI!Q199 -> PSİ 219 | F5: =DERS_PLANI!Q211 -> PSİ 103
A6: 12:10-13:00 | B6: =DERS_PLANI!Q164 -> PHIL 101 | C6: =DERS_PLANI!Q176 -> PSİ 109 | D6: =DERS_PLANI!Q188 -> ETI 114 (Doç. Düzgün) | E6: =DERS_PLANI!Q200 -> PSİ 104 | F6: =DERS_PLANI!Q212 -> PSY 102 Telafi
A7: 13:10-14:00 | B7: =DERS_PLANI!Q165 -> PHIL 101 | C7: =DERS_PLANI!Q177 -> PSİ 109 | D7: =DERS_PLANI!Q189 -> ETI 114 (Doç. Düzgün) | E7: =DERS_PLANI!Q201 -> PSİ 104 | F7: =DERS_PLANI!Q213 -> PSY 102 Telafi
A8: 14:10-15:00 | B8: =DERS_PLANI!Q166 -> PHIL 101 | C8: =DERS_PLANI!Q178 -> PSİ 109 | D8: =DERS_PLANI!Q190 -> ETI 114 (Doç. Düzgün) | E8: =DERS_PLANI!Q202 -> PSİ 104 | F8: =DERS_PLANI!Q214 -> PSY 102 Telafi
A9: 15:10-16:00 | B9: =DERS_PLANI!Q167 -> 0 | C9: =DERS_PLANI!Q179 -> PSİ 455 | D9: =DERS_PLANI!Q191 -> 0 | E9: =DERS_PLANI!Q203 -> PSİ 102 | F9: =DERS_PLANI!Q215 -> YBS 112 İNSAN KAYNAKLARI YÖNETİMİ DR. POLAT
A10: 16:10-17:00 | B10: =DERS_PLANI!Q168 -> 0 | C10: =DERS_PLANI!Q180 -> PSİ 455 | D10: =DERS_PLANI!Q192 -> 0 | E10: =DERS_PLANI!Q204 -> PSİ 102 | F10: =DERS_PLANI!Q216 -> YBS 112 İNSAN KAYNAKLARI YÖNETİMİ DR. POLAT
A11: 17:10-18:00 | B11: =DERS_PLANI!Q169 -> 0 | C11: =DERS_PLANI!Q181 -> PSİ 455 | D11: =DERS_PLANI!Q193 -> 0 | E11: =DERS_PLANI!Q205 -> PSİ 102 | F11: =DERS_PLANI!Q217 -> YBS 112 İNSAN KAYNAKLARI YÖNETİMİ DR. POLAT
A12: 18:10 -19:00 | B12: =DERS_PLANI!Q170 -> 0 | C12: =DERS_PLANI!Q182 -> 0 | D12: =DERS_PLANI!Q194 -> 0 | E12: =DERS_PLANI!Q206 -> 0 | F12: =DERS_PLANI!Q218 -> 0
A13: 19:10 - 20:00 | B13: =DERS_PLANI!Q171 -> 0 | C13: =DERS_PLANI!Q183 -> 0 | D13: =DERS_PLANI!Q195 -> 0 | E13: =DERS_PLANI!Q207 -> 0 | F13: =DERS_PLANI!Q219 -> 0
A14: 20:10 - 21:00 | B14: =DERS_PLANI!Q172 -> 0 | C14: =DERS_PLANI!Q184 -> 0 | D14: =DERS_PLANI!Q196 -> 0 | E14: =DERS_PLANI!Q208 -> 0 | F14: =DERS_PLANI!Q220 -> 0

Sheet C 026
A1: C 026
A2: Saat/Gün | B2: Pazartesi | C2: Salı | D2: Çarşamba | E2: Perşembe | F2: Cuma
A3: 09:10-10:00 | B3: =DERS_PLANI!P161 -> SENG 324 (Teorik) - Sec 1 (Mahmut Nedim Alpdemir) | C3: =DERS_PLANI!P173 -> SENG 322 (Teorik) - Sec 1 (Sarper Alkan) | D3: =DERS_PLANI!P185 -> BIO 101 (Teorik) - Sec 1 (Ayşe Özdemir) | E3: =DERS_PLANI!P197 -> SENG 264 (Teorik) - Sec 2 (Sarper Alkan) | F3: =DERS_PLANI!P209 -> BM 332 (Teorik) - Sec 1 (Ender Sevinç)
A4: 10:10-11:00 | B4: =DERS_PLANI!P162 -> SENG 324 (Teorik) - Sec 1 (Mahmut Nedim Alpdemir) | C4: =DERS_PLANI!P174 -> SENG 322 (Teorik) - Sec 1 (Sarper Alkan) | D4: =DERS_PLANI!P186 -> BIO 101 (Teorik) - Sec 1 (Ayşe Özdemir) | E4: =DERS_PLANI!P198 -> SENG 264 (Teorik) - Sec 2 (Sarper Alkan) | F4: =DERS_PLANI!P210 -> BM 332 (Teorik) - Sec 1 (Ender Sevinç)
A5: 11:10-12:00 | B5: =DERS_PLANI!P163 -> SENG 324 (Teorik) - Sec 1 (Mahmut Nedim Alpdemir) | C5: =DERS_PLANI!P175 -> SENG 322 (Teorik) - Sec 1 (Sarper Alkan) | D5: =DERS_PLANI!P187 -> BIO 101 (Teorik) - Sec 1 (Ayşe Özdemir) | E5: =DERS_PLANI!P199 -> SENG 264 (Teorik) - Sec 2 (Sarper Alkan) | F5: =DERS_PLANI!P211 -> BM 332 (Teorik) - Sec 1 (Ender Sevinç)
A6: 12:10-13:00 | B6: =DERS_PLANI!P164 -> CENG 102 (Teorik) - Sec 1 (Hasan Karaaslan) | C6: =DERS_PLANI!P176 -> CENG 424 (Teorik) - Sec 1 (Halil Özmen) | D6: =DERS_PLANI!P188 -> EEE 304 (Teorik) - Sec 1 (Hamed K.) | E6: =DERS_PLANI!P200 -> EEE 203 (Teorik) - Sec 1 (Hamed K.)- CENG-SENG-ISE-EEE Ortak Ders | F6: =DERS_PLANI!P212 -> 0
A7: 13:10-14:00 | B7: =DERS_PLANI!P165 -> CENG 102 (Teorik) - Sec 1 (Hasan Karaaslan) | C7: =DERS_PLANI!P177 -> CENG 424 (Teorik) - Sec 1 (Halil Özmen) | D7: =DERS_PLANI!P189 -> EEE 304 (Teorik) - Sec 1 (Hamed K.) | E7: =DERS_PLANI!P201 -> EEE 203 (Teorik) - Sec 1 (Hamed K.)- CENG-SENG-ISE-EEE Ortak Ders | F7: =DERS_PLANI!P213 -> 0
A8: 14:10-15:00 | B8: =DERS_PLANI!P166 -> CENG 102 (Teorik) - Sec 1 (Hasan Karaaslan) | C8: =DERS_PLANI!P178 -> CENG 424 (Teorik) - Sec 1 (Halil Özmen) | D8: =DERS_PLANI!P190 -> EEE 304 (Teorik) - Sec 1 (Hamed K.) | E8: =DERS_PLANI!P202 -> EEE 203 (Teorik) - Sec 1 (Hamed K.)- CENG-SENG-ISE-EEE Ortak Ders | F8: =DERS_PLANI!P214 -> 0
A9: 15:10-16:00 | B9: =DERS_PLANI!P167 -> BM 214 (Teorik) - Sec 1 (Emre Alıç) | C9: =DERS_PLANI!P179 -> CENG 332 (Teorik) - Sec 1 (Ender Sevinç) | D9: =DERS_PLANI!P191 -> CENG 256 (Teorik) - Sec 2 (Ekrem Çağlar) | E9: =DERS_PLANI!P203 -> SENG 264 (Teorik) - Sec 3 (Sarper Alkan) | F9: =DERS_PLANI!P215 -> 0
A10: 16:10-17:00 | B10: =DERS_PLANI!P168 -> BM 214 (Teorik) - Sec 1 (Emre Alıç) | C10: =DERS_PLANI!P180 -> CENG 332 (Teorik) - Sec 1 (Ender Sevinç) | D10: =DERS_PLANI!P192 -> CENG 256 (Teorik) - Sec 2 (Ekrem Çağlar) | E10: =DERS_PLANI!P204 -> SENG 264 (Teorik) - Sec 3 (Sarper Alkan) | F10: =DERS_PLANI!P216 -> 0
A11: 17:10-18:00 | B11: =DERS_PLANI!P169 -> BM 214 (Teorik) - Sec 1 (Emre Alıç) | C11: =DERS_PLANI!P181 -> CENG 332 (Teorik) - Sec 1 (Ender Sevinç) | D11: =DERS_PLANI!P193 -> CENG 256 (Teorik) - Sec 2 (Ekrem Çağlar) | E11: =DERS_PLANI!P205 -> SENG 264 (Teorik) - Sec 3 (Sarper Alkan) | F11: =DERS_PLANI!P217 -> 0
A12: 18:10 -19:00 | B12: =DERS_PLANI!P170 -> 0 | C12: =DERS_PLANI!P182 -> 0 | D12: =DERS_PLANI!P194 -> 0 | E12: =DERS_PLANI!P206 -> 0 | F12: =DERS_PLANI!P218 -> 0
A13: 19:10 - 20:00 | B13: =DERS_PLANI!P171 -> 0 | C13: =DERS_PLANI!P183 -> 0 | D13: =DERS_PLANI!P195 -> 0 | E13: =DERS_PLANI!P207 -> 0 | F13: =DERS_PLANI!P219 -> 0
A14: 20:10 - 21:00 | B14: =DERS_PLANI!P172 -> 0 | C14: =DERS_PLANI!P184 -> 0 | D14: =DERS_PLANI!P196 -> 0 | E14: =DERS_PLANI!P208 -> 0 | F14: =DERS_PLANI!P220 -> 0

Sheet C 025
A1: C 025
A2: Saat/Gün | B2: Pazartesi | C2: Salı | D2: Çarşamba | E2: Perşembe | F2: Cuma
A3: 09:10-10:00 | B3: =DERS_PLANI!O161 -> IE 242 Cost Analysis in Engineering Dr. Orhan GERDAN | C3: =DERS_PLANI!O173 -> IE 324 Project Management Dr. Orhan GERDAN | D3: =DERS_PLANI!O185 -> IE 232 Operations Research I Doç. Dr. Yavuz Selim ÖZDEMİR | E3: =DERS_PLANI!O197 -> IE 346 Decision Analysis Doç. Dr. Yavuz Selim ÖZDEMİR | F3: =DERS_PLANI!O209 -> IE 376 Management Information Systems (Technical Elective I ) Doç. Dr. Yavuz Selim ÖZDEMİR
A4: 10:10-11:00 | B4: =DERS_PLANI!O162 -> IE 242 Cost Analysis in Engineering Dr. Orhan GERDAN | C4: =DERS_PLANI!O174 -> IE 324 Project Management Dr. Orhan GERDAN | D4: =DERS_PLANI!O186 -> IE 232 Operations Research I Doç. Dr. Yavuz Selim ÖZDEMİR | E4: =DERS_PLANI!O198 -> IE 346 Decision Analysis Doç. Dr. Yavuz Selim ÖZDEMİR | F4: =DERS_PLANI!O210 -> IE 376 Management Information Systems (Technical Elective I ) Doç. Dr. Yavuz Selim ÖZDEMİR
A5: 11:10-12:00 | B5: =DERS_PLANI!O163 -> IE 242 Cost Analysis in Engineering Dr. Orhan GERDAN | C5: =DERS_PLANI!O175 -> IE 324 Project Management Dr. Orhan GERDAN | D5: =DERS_PLANI!O187 -> IE 232 Operations Research I Doç. Dr. Yavuz Selim ÖZDEMİR | E5: =DERS_PLANI!O199 -> IE 346 Decision Analysis Doç. Dr. Yavuz Selim ÖZDEMİR | F5: =DERS_PLANI!O211 -> IE 376 Management Information Systems (Technical Elective I ) Doç. Dr. Yavuz Selim ÖZDEMİR
A6: 12:10-13:00 | B6: =DERS_PLANI!O164 -> 0 | C6: =DERS_PLANI!O176 -> IE 202 Work Study and Ergonomics Dr. Arda ALP | D6: =DERS_PLANI!O188 -> IE 362 Supply Chain Management (Technical Elective II) Dr. Orhan GERDAN | E6: =DERS_PLANI!O200 -> IE 224 Manufacturing Processes Doç. Dr. Benhür Satır | F6: =DERS_PLANI!O212 -> 0
A7: 13:10-14:00 | B7: =DERS_PLANI!O165 -> ENG 302 - 10 | C7: =DERS_PLANI!O177 -> IE 202 Work Study and Ergonomics Dr. Arda ALP | D7: =DERS_PLANI!O189 -> IE 362 Supply Chain Management (Technical Elective II) Dr. Orhan GERDAN | E7: =DERS_PLANI!O201 -> IE 224 Manufacturing Processes Doç. Dr. Benhür Satır | F7: =DERS_PLANI!O213 -> 0
A8: 14:10-15:00 | B8: =DERS_PLANI!O166 -> ENG 302 - 10 | C8: =DERS_PLANI!O178 -> IE 202 Work Study and Ergonomics Dr. Arda ALP | D8: =DERS_PLANI!O190 -> IE 362 Supply Chain Management (Technical Elective II) Dr. Orhan GERDAN | E8: =DERS_PLANI!O202 -> IE 224 Manufacturing Processes Doç. Dr. Benhür Satır | F8: =DERS_PLANI!O214 -> 0
A9: 15:10-16:00 | B9: =DERS_PLANI!O167 -> IE 366 Production Planning and Control II Dr. Orhan GERDAN | C9: =DERS_PLANI!O179 -> EEE 204 (Teorik) - Sec 1 (Hamed K.) | D9: =DERS_PLANI!O191 -> MATH 224 (Teorik) - Sec 2(Mustafa Akkaya) | E9: =DERS_PLANI!O203 -> IE 370 System Analysis (Technical Elective III) Dr. Arda ALP | F9: =DERS_PLANI!O215 -> IE 228 Engineering Statistics Dr. Arda ALP
A10: 16:10-17:00 | B10: =DERS_PLANI!O168 -> IE 366 Production Planning and Control II Dr. Orhan GERDAN | C10: =DERS_PLANI!O180 -> EEE 204 (Teorik) - Sec 1 (Hamed K.) | D10: =DERS_PLANI!O192 -> MATH 224 (Teorik) - Sec 2(Mustafa Akkaya) | E10: =DERS_PLANI!O204 -> IE 370 System Analysis (Technical Elective III) Dr. Arda ALP | F10: =DERS_PLANI!O216 -> IE 228 Engineering Statistics Dr. Arda ALP
A11: 17:10-18:00 | B11: =DERS_PLANI!O169 -> IE 366 Production Planning and Control II Dr. Orhan GERDAN | C11: =DERS_PLANI!O181 -> EEE 204 (Teorik) - Sec 1 (Hamed K.) | D11: =DERS_PLANI!O193 -> MATH 224 (Teorik) - Sec 2(Mustafa Akkaya) | E11: =DERS_PLANI!O205 -> IE 370 System Analysis (Technical Elective III) Dr. Arda ALP | F11: =DERS_PLANI!O217 -> IE 228 Engineering Statistics Dr. Arda ALP
A12: 18:10 -19:00 | B12: =DERS_PLANI!O170 -> SENG 501 - Yazılım Proje Yönetimi | C12: =DERS_PLANI!O182 -> 0 | D12: =DERS_PLANI!O194 -> 0 | E12: =DERS_PLANI!O206 -> 0 | F12: =DERS_PLANI!O218 -> 0
A13: 19:10 - 20:00 | B13: =DERS_PLANI!O171 -> SENG 501 - Yazılım Proje Yönetimi | C13: =DERS_PLANI!O183 -> 0 | D13: =DERS_PLANI!O195 -> 0 | E13: =DERS_PLANI!O207 -> 0 | F13: =DERS_PLANI!O219 -> 0
A14: 20:10 - 21:00 | B14: =DERS_PLANI!O172 -> SENG 501 - Yazılım Proje Yönetimi | C14: =DERS_PLANI!O184 -> 0 | D14: =DERS_PLANI!O196 -> 0 | E14: =DERS_PLANI!O208 -> 0 | F14: =DERS_PLANI!O220 -> 0

Sheet C 018
A1: C 018
A2: Saat/Gün | B2: Pazartesi | C2: Salı | D2: Çarşamba | E2: Perşembe | F2: Cuma
A3: 09:10-10:00 | B3: =DERS_PLANI!N161 -> BM 102 (Teorik) - Sec 1 (Hasan Karaaslan) | C3: =DERS_PLANI!N173 -> BIY 101 (Teorik) - Sec 1 (Ayşe Özdemir) | D3: =DERS_PLANI!N185 -> CENG 336 (Teorik) - Sec 2 (Ayhan Akbaş) | E3: =DERS_PLANI!N197 -> CENG 384 (Teorik) - Sec 1 (Hakan Çağlar) | F3: =DERS_PLANI!N209 -> SENG 420 (Teorik) - Sec 1 (Yüksel Arslan)
A4: 10:10-11:00 | B4: =DERS_PLANI!N162 -> BM 102 (Teorik) - Sec 1 (Hasan Karaaslan) | C4: =DERS_PLANI!N174 -> BIY 101 (Teorik) - Sec 1 (Ayşe Özdemir) | D4: =DERS_PLANI!N186 -> CENG 336 (Teorik) - Sec 2 (Ayhan Akbaş) | E4: =DERS_PLANI!N198 -> CENG 384 (Teorik) - Sec 1 (Hakan Çağlar) | F4: =DERS_PLANI!N210 -> SENG 420 (Teorik) - Sec 1 (Yüksel Arslan)
A5: 11:10-12:00 | B5: =DERS_PLANI!N163 -> BM 102 (Teorik) - Sec 1 (Hasan Karaaslan) | C5: =DERS_PLANI!N175 -> BIY 101 (Teorik) - Sec 1 (Ayşe Özdemir) | D5: =DERS_PLANI!N187 -> CENG 336 (Teorik) - Sec 2 (Ayhan Akbaş) | E5: =DERS_PLANI!N199 -> CENG 384 (Teorik) - Sec 1 (Hakan Çağlar) | F5: =DERS_PLANI!N211 -> SENG 420 (Teorik) - Sec 1 (Yüksel Arslan)
A6: 12:10-13:00 | B6: =DERS_PLANI!N164 -> CENG 101 (Teorik) - Sec 1(Halil Özmen) | C6: =DERS_PLANI!N176 -> EEE 208 (Teorik) - Sec 1 (Parisa Akar) | D6: =DERS_PLANI!N188 -> ENG 302 - 07 | E6: =DERS_PLANI!N200 -> FIZ 102 (Teorik) - Sec 1 (Esra Eroğlu) | F6: =DERS_PLANI!N212 -> 0
A7: 13:10-14:00 | B7: =DERS_PLANI!N165 -> CENG 101 (Teorik) - Sec 1(Halil Özmen) | C7: =DERS_PLANI!N177 -> EEE 208 (Teorik) - Sec 1 (Parisa Akar) | D7: =DERS_PLANI!N189 -> ENG 302 - 07 | E7: =DERS_PLANI!N201 -> FIZ 102 (Teorik) - Sec 1 (Esra Eroğlu) | F7: =DERS_PLANI!N213 -> 0
A8: 14:10-15:00 | B8: =DERS_PLANI!N166 -> CENG 101 (Teorik) - Sec 1(Halil Özmen) | C8: =DERS_PLANI!N178 -> EEE 208 (Teorik) - Sec 1 (Parisa Akar) | D8: =DERS_PLANI!N190 -> 0 | E8: =DERS_PLANI!N202 -> FIZ 102 (Teorik) - Sec 1 (Esra Eroğlu) | F8: =DERS_PLANI!N214 -> 0
A9: 15:10-16:00 | B9: =DERS_PLANI!N167 -> MYO - IHA108 HAVA ARACI SERTİFİKASYONU VE PİLOTAJ-I | C9: =DERS_PLANI!N179 -> 0 | D9: =DERS_PLANI!N191 -> ISE 322 (Teorik) - Sec 1 (Mesut Ünlü) | E9: =DERS_PLANI!N203 -> BM 336 (Teorik) - Sec 1 (Didem Tufan) | F9: =DERS_PLANI!N215 -> 0
A10: 16:10-17:00 | B10: =DERS_PLANI!N168 -> MYO - IHA108 HAVA ARACI SERTİFİKASYONU VE PİLOTAJ-I | C10: =DERS_PLANI!N180 -> 0 | D10: =DERS_PLANI!N192 -> ISE 322 (Teorik) - Sec 1 (Mesut Ünlü) | E10: =DERS_PLANI!N204 -> BM 336 (Teorik) - Sec 1 (Didem Tufan) | F10: =DERS_PLANI!N216 -> 0
A11: 17:10-18:00 | B11: =DERS_PLANI!N169 -> MYO - IHA108 HAVA ARACI SERTİFİKASYONU VE PİLOTAJ-I | C11: =DERS_PLANI!N181 -> 0 | D11: =DERS_PLANI!N193 -> ISE 322 (Teorik) - Sec 1 (Mesut Ünlü) | E11: =DERS_PLANI!N205 -> BM 336 (Teorik) - Sec 1 (Didem Tufan) | F11: =DERS_PLANI!N217 -> 0
A12: 18:10 -19:00 | B12: =DERS_PLANI!N170 -> 0 | C12: =DERS_PLANI!N182 -> 0 | D12: =DERS_PLANI!N194 -> 0 | E12: =DERS_PLANI!N206 -> 0 | F12: =DERS_PLANI!N218 -> 0
A13: 19:10 - 20:00 | B13: =DERS_PLANI!N171 -> 0 | C13: =DERS_PLANI!N183 -> 0 | D13: =DERS_PLANI!N195 -> 0 | E13: =DERS_PLANI!N207 -> 0 | F13: =DERS_PLANI!N219 -> 0
A14: 20:10 - 21:00 | B14: =DERS_PLANI!N172 -> 0 | C14: =DERS_PLANI!N184 -> 0 | D14: =DERS_PLANI!N196 -> 0 | E14: =DERS_PLANI!N208 -> 0 | F14: =DERS_PLANI!N220 -> 0

Sheet C 017
A1: C 017
A2: Saat/Gün | B2: Pazartesi | C2: Salı | D2: Çarşamba | E2: Perşembe | F2: Cuma
A3: 09:10-10:00 | B3: =DERS_PLANI!M161 -> CENG 336 (Teorik) - Sec 1 (Ayhan Akbaş) | C3: =DERS_PLANI!M173 -> 0 | D3: =DERS_PLANI!M185 -> 0 | E3: =DERS_PLANI!M197 -> 0 | F3: =DERS_PLANI!M209 -> 0
A4: 10:10-11:00 | B4: =DERS_PLANI!M162 -> CENG 336 (Teorik) - Sec 1 (Ayhan Akbaş) | C4: =DERS_PLANI!M174 -> EEE 102 (Teorik) - Sec 1 (Yusuf Uzun) | D4: =DERS_PLANI!M186 -> EEE 202 (Teorik) - Sec 1 (Parisa Akar) | E4: =DERS_PLANI!M198 -> MAT 102 (Teorik) - Sec 1(Mesut Altunok) | F4: =DERS_PLANI!M210 -> EEE 202 (Teorik) - Sec 1 (Parisa Akar)
A5: 11:10-12:00 | B5: =DERS_PLANI!M163 -> CENG 336 (Teorik) - Sec 1 (Ayhan Akbaş) | C5: =DERS_PLANI!M175 -> EEE 102 (Teorik) - Sec 1 (Yusuf Uzun) | D5: =DERS_PLANI!M187 -> EEE 202 (Teorik) - Sec 1 (Parisa Akar) | E5: =DERS_PLANI!M199 -> MAT 102 (Teorik) - Sec 1(Mesut Altunok) | F5: =DERS_PLANI!M211 -> EEE 202 (Teorik) - Sec 1 (Parisa Akar)
A6: 12:10-13:00 | B6: =DERS_PLANI!M164 -> EEE 306 (Teorik) - Sec 1 (Mahmut Mol) | C6: =DERS_PLANI!M176 -> CENG 256 (Teorik) - Sec 1 (Ekrem Çağlar) | D6: =DERS_PLANI!M188 -> CENG 336 (Teorik) - Sec 3(Ayhan Akbaş) | E6: =DERS_PLANI!M200 -> ENG 202 - 12 | F6: =DERS_PLANI!M212 -> 0
A7: 13:10-14:00 | B7: =DERS_PLANI!M165 -> EEE 306 (Teorik) - Sec 1 (Mahmut Mol) | C7: =DERS_PLANI!M177 -> CENG 256 (Teorik) - Sec 1 (Ekrem Çağlar) | D7: =DERS_PLANI!M189 -> CENG 336 (Teorik) - Sec 3(Ayhan Akbaş) | E7: =DERS_PLANI!M201 -> ENG 202 - 12 | F7: =DERS_PLANI!M213 -> 0
A8: 14:10-15:00 | B8: =DERS_PLANI!M166 -> EEE 306 (Teorik) - Sec 1 (Mahmut Mol) | C8: =DERS_PLANI!M178 -> CENG 256 (Teorik) - Sec 1 (Ekrem Çağlar) | D8: =DERS_PLANI!M190 -> CENG 336 (Teorik) - Sec 3(Ayhan Akbaş) | E8: =DERS_PLANI!M202 -> 0 | F8: =DERS_PLANI!M214 -> 0
A9: 15:10-16:00 | B9: =DERS_PLANI!M167 -> CENG 446 (Teorik) - Sec 1 (Mahmut Nedim Alpdemir) | C9: =DERS_PLANI!M179 -> CENG 214 (Teorik) - Sec 2 (Mesut Ünlü) | D9: =DERS_PLANI!M191 -> CENG 102 (Teorik) - Sec 3 (Hasan Karaaslan) | E9: =DERS_PLANI!M203 -> SENG 324 (Teorik) - Sec 2 (Mahmut Nedim Alpdemir) | F9: =DERS_PLANI!M215 -> 0
A10: 16:10-17:00 | B10: =DERS_PLANI!M168 -> CENG 446 (Teorik) - Sec 1 (Mahmut Nedim Alpdemir) | C10: =DERS_PLANI!M180 -> CENG 214 (Teorik) - Sec 2 (Mesut Ünlü) | D10: =DERS_PLANI!M192 -> CENG 102 (Teorik) - Sec 3 (Hasan Karaaslan) | E10: =DERS_PLANI!M204 -> SENG 324 (Teorik) - Sec 2 (Mahmut Nedim Alpdemir) | F10: =DERS_PLANI!M216 -> 0
A11: 17:10-18:00 | B11: =DERS_PLANI!M169 -> CENG 446 (Teorik) - Sec 1 (Mahmut Nedim Alpdemir) | C11: =DERS_PLANI!M181 -> CENG 214 (Teorik) - Sec 2 (Mesut Ünlü) | D11: =DERS_PLANI!M193 -> CENG 102 (Teorik) - Sec 3 (Hasan Karaaslan) | E11: =DERS_PLANI!M205 -> SENG 324 (Teorik) - Sec 2 (Mahmut Nedim Alpdemir) | F11: =DERS_PLANI!M217 -> 0
A12: 18:10 -19:00 | B12: =DERS_PLANI!M170 -> 0 | C12: =DERS_PLANI!M182 -> 0 | D12: =DERS_PLANI!M194 -> 0 | E12: =DERS_PLANI!M206 -> 0 | F12: =DERS_PLANI!M218 -> 0
A13: 19:10 - 20:00 | B13: =DERS_PLANI!M171 -> 0 | C13: =DERS_PLANI!M183 -> 0 | D13: =DERS_PLANI!M195 -> 0 | E13: =DERS_PLANI!M207 -> 0 | F13: =DERS_PLANI!M219 -> 0
A14: 20:10 - 21:00 | B14: =DERS_PLANI!M172 -> 0 | C14: =DERS_PLANI!M184 -> 0 | D14: =DERS_PLANI!M196 -> 0 | E14: =DERS_PLANI!M208 -> 0 | F14: =DERS_PLANI!M220 -> 0

Sheet C 013
A1: C 013
A2: Saat/Gün | B2: Pazartesi | C2: Salı | D2: Çarşamba | E2: Perşembe | F2: Cuma
A3: 09:10-10:00 | B3: =DERS_PLANI!L161 -> IAD 101 (Dr. Merve Şahika Erkan) | C3: =DERS_PLANI!L173 -> 0 | D3: =DERS_PLANI!L185 -> IAD 101 (Dr. Merve Şahika Erkan) | E3: =DERS_PLANI!L197 -> 0 | F3: =DERS_PLANI!L209 -> IAD 103
A4: 10:10-11:00 | B4: =DERS_PLANI!L162 -> IAD 101 (Dr. Merve Şahika Erkan) | C4: =DERS_PLANI!L174 -> 0 | D4: =DERS_PLANI!L186 -> IAD 101 (Dr. Merve Şahika Erkan) | E4: =DERS_PLANI!L198 -> 0 | F4: =DERS_PLANI!L210 -> IAD 103
A5: 11:10-12:00 | B5: =DERS_PLANI!L163 -> IAD 101 (Dr. Merve Şahika Erkan) | C5: =DERS_PLANI!L175 -> 0 | D5: =DERS_PLANI!L187 -> IAD 101 (Dr. Merve Şahika Erkan) | E5: =DERS_PLANI!L199 -> 0 | F5: =DERS_PLANI!L211 -> IAD 103
A6: 12:10-13:00 | B6: =DERS_PLANI!L164 -> IAD 101 (Dr. Merve Şahika Erkan) | C6: =DERS_PLANI!L176 -> 0 | D6: =DERS_PLANI!L188 -> IAD 101 (Dr. Merve Şahika Erkan) | E6: =DERS_PLANI!L200 -> 0 | F6: =DERS_PLANI!L212 -> IAD 103
A7: 13:10-14:00 | B7: =DERS_PLANI!L165 -> IAD 302 (Dr. Hüma Tülce Uman) | C7: =DERS_PLANI!L177 -> 0 | D7: =DERS_PLANI!L189 -> 0 | E7: =DERS_PLANI!L201 -> IAD 302 (Dr. Hüma Tülce Uman) | F7: =DERS_PLANI!L213 -> 0
A8: 14:10-15:00 | B8: =DERS_PLANI!L166 -> IAD 302 (Dr. Hüma Tülce Uman) | C8: =DERS_PLANI!L178 -> 0 | D8: =DERS_PLANI!L190 -> 0 | E8: =DERS_PLANI!L202 -> IAD 302 (Dr. Hüma Tülce Uman) | F8: =DERS_PLANI!L214 -> 0
A9: 15:10-16:00 | B9: =DERS_PLANI!L167 -> IAD 302 (Dr. Hüma Tülce Uman) | C9: =DERS_PLANI!L179 -> 0 | D9: =DERS_PLANI!L191 -> 0 | E9: =DERS_PLANI!L203 -> IAD 302 (Dr. Hüma Tülce Uman) | F9: =DERS_PLANI!L215 -> 0
A10: 16:10-17:00 | B10: =DERS_PLANI!L168 -> IAD 302 (Dr. Hüma Tülce Uman) | C10: =DERS_PLANI!L180 -> 0 | D10: =DERS_PLANI!L192 -> 0 | E10: =DERS_PLANI!L204 -> IAD 302 (Dr. Hüma Tülce Uman) | F10: =DERS_PLANI!L216 -> 0
A11: 17:10-18:00 | B11: =DERS_PLANI!L169 -> 0 | C11: =DERS_PLANI!L181 -> 0 | D11: =DERS_PLANI!L193 -> 0 | E11: =DERS_PLANI!L205 -> 0 | F11: =DERS_PLANI!L217 -> 0
A12: 18:10 -19:00 | B12: =DERS_PLANI!L170 -> 0 | C12: =DERS_PLANI!L182 -> 0 | D12: =DERS_PLANI!L194 -> 0 | E12: =DERS_PLANI!L206 -> 0 | F12: =DERS_PLANI!L218 -> 0
A13: 19:10 - 20:00 | B13: =DERS_PLANI!L171 -> 0 | C13: =DERS_PLANI!L183 -> 0 | D13: =DERS_PLANI!L195 -> 0 | E13: =DERS_PLANI!L207 -> 0 | F13: =DERS_PLANI!L219 -> 0
A14: 20:10 - 21:00 | B14: =DERS_PLANI!L172 -> 0 | C14: =DERS_PLANI!L184 -> 0 | D14: =DERS_PLANI!L196 -> 0 | E14: =DERS_PLANI!L208 -> 0 | F14: =DERS_PLANI!L220 -> 0

Sheet C 012
A1: C 012
A2: Saat/Gün | B2: Pazartesi | C2: Salı | D2: Çarşamba | E2: Perşembe | F2: Cuma
A3: 09:10-10:00 | B3: =DERS_PLANI!K161 -> ENG 102 - 05 - GSTF | C3: =DERS_PLANI!K173 -> IAD 222 (Dr. Hüma Tülce Uman) | D3: =DERS_PLANI!K185 -> ENG 302 - 06 - GSTF | E3: =DERS_PLANI!K197 -> CMM 189 Space Design in Cinema | F3: =DERS_PLANI!K209 -> 0
A4: 10:10-11:00 | B4: =DERS_PLANI!K162 -> ENG 102 - 05 - GSTF | C4: =DERS_PLANI!K174 -> IAD 222 (Dr. Hüma Tülce Uman) | D4: =DERS_PLANI!K186 -> ENG 302 - 06 - GSTF | E4: =DERS_PLANI!K198 -> CMM 189 Space Design in Cinema | F4: =DERS_PLANI!K210 -> 0
A5: 11:10-12:00 | B5: =DERS_PLANI!K163 -> ENG 102 - 06 - GSTF | C5: =DERS_PLANI!K175 -> IAD 222 (Dr. Hüma Tülce Uman) | D5: =DERS_PLANI!K187 -> 0 | E5: =DERS_PLANI!K199 -> CMM 189 Space Design in Cinema | F5: =DERS_PLANI!K211 -> 0
A6: 12:10-13:00 | B6: =DERS_PLANI!K164 -> ENG 102 - 06 - GSTF | C6: =DERS_PLANI!K176 -> 0 | D6: =DERS_PLANI!K188 -> 0 | E6: =DERS_PLANI!K200 -> 0 | F6: =DERS_PLANI!K212 -> 0
A7: 13:10-14:00 | B7: =DERS_PLANI!K165 -> IAD 102 (Prof. Dr. Özlem Erdoğdu Erkaslan) | C7: =DERS_PLANI!K177 -> IAD 202 (Doç. Dr. Ece Kumkale Açıkgöz) | D7: =DERS_PLANI!K189 -> 0 | E7: =DERS_PLANI!K201 -> IAD 102 (Prof. Dr. Özlem Erdoğdu Erkaslan) | F7: =DERS_PLANI!K213 -> IAD 202 (Doç. Dr. Ece Kumkale Açıkgöz)
A8: 14:10-15:00 | B8: =DERS_PLANI!K166 -> IAD 102 (Prof. Dr. Özlem Erdoğdu Erkaslan) | C8: =DERS_PLANI!K178 -> IAD 202 (Doç. Dr. Ece Kumkale Açıkgöz) | D8: =DERS_PLANI!K190 -> 0 | E8: =DERS_PLANI!K202 -> IAD 102 (Prof. Dr. Özlem Erdoğdu Erkaslan) | F8: =DERS_PLANI!K214 -> IAD 202 (Doç. Dr. Ece Kumkale Açıkgöz)
A9: 15:10-16:00 | B9: =DERS_PLANI!K167 -> IAD 102 (Prof. Dr. Özlem Erdoğdu Erkaslan) | C9: =DERS_PLANI!K179 -> IAD 202 (Doç. Dr. Ece Kumkale Açıkgöz) | D9: =DERS_PLANI!K191 -> ENG 202 - 012- GSTF | E9: =DERS_PLANI!K203 -> IAD 102 (Prof. Dr. Özlem Erdoğdu Erkaslan) | F9: =DERS_PLANI!K215 -> IAD 202 (Doç. Dr. Ece Kumkale Açıkgöz)
A10: 16:10-17:00 | B10: =DERS_PLANI!K168 -> IAD 102 (Prof. Dr. Özlem Erdoğdu Erkaslan) | C10: =DERS_PLANI!K180 -> IAD 202 (Doç. Dr. Ece Kumkale Açıkgöz) | D10: =DERS_PLANI!K192 -> ENG 202 - 012 - GSTF | E10: =DERS_PLANI!K204 -> IAD 102 (Prof. Dr. Özlem Erdoğdu Erkaslan) | F10: =DERS_PLANI!K216 -> IAD 202 (Doç. Dr. Ece Kumkale Açıkgöz)
A11: 17:10-18:00 | B11: =DERS_PLANI!K169 -> 0 | C11: =DERS_PLANI!K181 -> 0 | D11: =DERS_PLANI!K193 -> 0 | E11: =DERS_PLANI!K205 -> 0 | F11: =DERS_PLANI!K217 -> 0
A12: 18:10 -19:00 | B12: =DERS_PLANI!K170 -> 0 | C12: =DERS_PLANI!K182 -> 0 | D12: =DERS_PLANI!K194 -> 0 | E12: =DERS_PLANI!K206 -> 0 | F12: =DERS_PLANI!K218 -> 0
A13: 19:10 - 20:00 | B13: =DERS_PLANI!K171 -> 0 | C13: =DERS_PLANI!K183 -> 0 | D13: =DERS_PLANI!K195 -> 0 | E13: =DERS_PLANI!K207 -> 0 | F13: =DERS_PLANI!K219 -> 0
A14: 20:10 - 21:00 | B14: =DERS_PLANI!K172 -> 0 | C14: =DERS_PLANI!K184 -> 0 | D14: =DERS_PLANI!K196 -> 0 | E14: =DERS_PLANI!K208 -> 0 | F14: =DERS_PLANI!K220 -> 0

Sheet C 007
A1: C 007
A2: Saat/Gün | B2: Pazartesi | C2: Salı | D2: Çarşamba | E2: Perşembe | F2: Cuma
A3: 09:10-10:00 | B3: =DERS_PLANI!I161 -> 0 | C3: =DERS_PLANI!I173 -> 0 | D3: =DERS_PLANI!I185 -> 0 | E3: =DERS_PLANI!I197 -> FAD 446 (Dr. Merve Şahika Erkan - Dr. Çiğdem Özkan Sev) | F3: =DERS_PLANI!I209 -> NMC 208
A4: 10:10-11:00 | B4: =DERS_PLANI!I162 -> FAD 481 (Prof. Dr. Özlem Erdoğdu Erkaslan) | C4: =DERS_PLANI!I174 -> 0 | D4: =DERS_PLANI!I186 -> 0 | E4: =DERS_PLANI!I198 -> FAD 446 (Dr. Merve Şahika Erkan - Dr. Çiğdem Özkan Sev) | F4: =DERS_PLANI!I210 -> NMC 208
A5: 11:10-12:00 | B5: =DERS_PLANI!I163 -> FAD 481 (Prof. Dr. Özlem Erdoğdu Erkaslan) | C5: =DERS_PLANI!I175 -> NMC 404 | D5: =DERS_PLANI!I187 -> 0 | E5: =DERS_PLANI!I199 -> FAD 446 (Dr. Merve Şahika Erkan - Dr. Çiğdem Özkan Sev) | F5: =DERS_PLANI!I211 -> NMC 208
A6: 12:10-13:00 | B6: =DERS_PLANI!I164 -> FAD 481 (Prof. Dr. Özlem Erdoğdu Erkaslan) | C6: =DERS_PLANI!I176 -> NMC 404 | D6: =DERS_PLANI!I188 -> 0 | E6: =DERS_PLANI!I200 -> 0 | F6: =DERS_PLANI!I212 -> 0
A7: 13:10-14:00 | B7: =DERS_PLANI!I165 -> IAD 402 (Dr. Merve Şahika Erkan) | C7: =DERS_PLANI!I177 -> NMC 404 | D7: =DERS_PLANI!I189 -> 0 | E7: =DERS_PLANI!I201 -> ENG 102 - 12 - GSTF | F7: =DERS_PLANI!I213 -> 0
A8: 14:10-15:00 | B8: =DERS_PLANI!I166 -> IAD 402 (Dr. Merve Şahika Erkan) | C8: =DERS_PLANI!I178 -> 0 | D8: =DERS_PLANI!I190 -> 0 | E8: =DERS_PLANI!I202 -> ENG 102 - 12 - GSTF | F8: =DERS_PLANI!I214 -> 0
A9: 15:10-16:00 | B9: =DERS_PLANI!I167 -> 0 | C9: =DERS_PLANI!I179 -> 0 | D9: =DERS_PLANI!I191 -> 0 | E9: =DERS_PLANI!I203 -> 0 | F9: =DERS_PLANI!I215 -> 0
A10: 16:10-17:00 | B10: =DERS_PLANI!I168 -> 0 | C10: =DERS_PLANI!I180 -> 0 | D10: =DERS_PLANI!I192 -> 0 | E10: =DERS_PLANI!I204 -> 0 | F10: =DERS_PLANI!I216 -> 0
A11: 17:10-18:00 | B11: =DERS_PLANI!I169 -> 0 | C11: =DERS_PLANI!I181 -> 0 | D11: =DERS_PLANI!I193 -> 0 | E11: =DERS_PLANI!I205 -> 0 | F11: =DERS_PLANI!I217 -> 0
A12: 18:10 -19:00 | B12: =DERS_PLANI!I170 -> 0 | C12: =DERS_PLANI!I182 -> 0 | D12: =DERS_PLANI!I194 -> 0 | E12: =DERS_PLANI!I206 -> 0 | F12: =DERS_PLANI!I218 -> 0
A13: 19:10 - 20:00 | B13: =DERS_PLANI!I171 -> 0 | C13: =DERS_PLANI!I183 -> 0 | D13: =DERS_PLANI!I195 -> 0 | E13: =DERS_PLANI!I207 -> 0 | F13: =DERS_PLANI!I219 -> 0
A14: 20:10 - 21:00 | B14: =DERS_PLANI!I172 -> 0 | C14: =DERS_PLANI!I184 -> 0 | D14: =DERS_PLANI!I196 -> 0 | E14: =DERS_PLANI!I208 -> 0 | F14: =DERS_PLANI!I220 -> 0

Sheet L 008
A1: L 008
A2: Saat/Gün | B2: Pazartesi | C2: Salı | D2: Çarşamba | E2: Perşembe | F2: Cuma
A3: 09:10-10:00 | B3: =DERS_PLANI!J161 -> 0 | C3: =DERS_PLANI!J173 -> 0 | D3: =DERS_PLANI!J185 -> 0 | E3: =DERS_PLANI!J197 -> ETI 304 (Dr. Saki Demirel) | F3: =DERS_PLANI!J209 -> ETI 304 Telafi Dersi (Dr. Saki Demirel)
A4: 10:10-11:00 | B4: =DERS_PLANI!J162 -> 0 | C4: =DERS_PLANI!J174 -> 0 | D4: =DERS_PLANI!J186 -> 0 | E4: =DERS_PLANI!J198 -> ETI 304 (Dr. Saki Demirel) | F4: =DERS_PLANI!J210 -> ETI 304 Telafi Dersi (Dr. Saki Demirel)
A5: 11:10-12:00 | B5: =DERS_PLANI!J163 -> 0 | C5: =DERS_PLANI!J175 -> 0 | D5: =DERS_PLANI!J187 -> 0 | E5: =DERS_PLANI!J199 -> ETI 304 (Dr. Saki Demirel) | F5: =DERS_PLANI!J211 -> ETI 304 Telafi Dersi (Dr. Saki Demirel)
A6: 12:10-13:00 | B6: =DERS_PLANI!J164 -> 0 | C6: =DERS_PLANI!J176 -> MIS 260 (Assoc. Prof. Erdoğan) | D6: =DERS_PLANI!J188 -> 0 | E6: =DERS_PLANI!J200 -> ETI 316 | F6: =DERS_PLANI!J212 -> ETI 316 Telafi Dersi (Dr. Saki Demirel)
A7: 13:10-14:00 | B7: =DERS_PLANI!J165 -> 0 | C7: =DERS_PLANI!J177 -> MIS 260 (Assoc. Prof. Erdoğan) | D7: =DERS_PLANI!J189 -> 0 | E7: =DERS_PLANI!J201 -> ETI 316 | F7: =DERS_PLANI!J213 -> ETI 316 Telafi Dersi (Dr. Saki Demirel)
A8: 14:10-15:00 | B8: =DERS_PLANI!J166 -> 0 | C8: =DERS_PLANI!J178 -> MIS 260 (Assoc. Prof. Erdoğan) | D8: =DERS_PLANI!J190 -> 0 | E8: =DERS_PLANI!J202 -> MIS 142 (Assoc. Prof. Erdoğan) | F8: =DERS_PLANI!J214 -> ETI 316 Telafi Dersi (Dr. Saki Demirel)
A9: 15:10-16:00 | B9: =DERS_PLANI!J167 -> 0 | C9: =DERS_PLANI!J179 -> 0 | D9: =DERS_PLANI!J191 -> 0 | E9: =DERS_PLANI!J203 -> MIS 142 (Assoc. Prof. Erdoğan) | F9: =DERS_PLANI!J215 -> ETI 212 Telafi Dersi (Dr. Saki Demirel)
A10: 16:10-17:00 | B10: =DERS_PLANI!J168 -> 0 | C10: =DERS_PLANI!J180 -> 0 | D10: =DERS_PLANI!J192 -> 0 | E10: =DERS_PLANI!J204 -> 0 | F10: =DERS_PLANI!J216 -> ETI 212 Telafi Dersi (Dr. Saki Demirel)
A11: 17:10-18:00 | B11: =DERS_PLANI!J169 -> 0 | C11: =DERS_PLANI!J181 -> 0 | D11: =DERS_PLANI!J193 -> 0 | E11: =DERS_PLANI!J205 -> 0 | F11: =DERS_PLANI!J217 -> ETI 212 Telafi Dersi (Dr. Saki Demirel)
A12: 18:10 -19:00 | B12: =DERS_PLANI!J170 -> 0 | C12: =DERS_PLANI!J182 -> 0 | D12: =DERS_PLANI!J194 -> 0 | E12: =DERS_PLANI!J206 -> 0 | F12: =DERS_PLANI!J218 -> 0
A13: 19:10 - 20:00 | B13: =DERS_PLANI!J171 -> 0 | C13: =DERS_PLANI!J183 -> 0 | D13: =DERS_PLANI!J195 -> 0 | E13: =DERS_PLANI!J207 -> 0 | F13: =DERS_PLANI!J219 -> 0
A14: 20:10 - 21:00 | B14: =DERS_PLANI!J172 -> 0 | C14: =DERS_PLANI!J184 -> 0 | D14: =DERS_PLANI!J196 -> 0 | E14: =DERS_PLANI!J208 -> 0 | F14: =DERS_PLANI!J220 -> 0

Sheet C 006
A1: C-006
A2: Saat/Gün | B2: Pazartesi | C2: Salı | D2: Çarşamba | E2: Perşembe | F2: Cuma
A3: 09:10-10:00 | B3: =DERS_PLANI!H161 -> 0 | C3: =DERS_PLANI!H173 -> 0 | D3: =DERS_PLANI!H185 -> 0 | E3: =DERS_PLANI!H197 -> 0 | F3: =DERS_PLANI!H209 -> 0
A4: 10:10-11:00 | B4: =DERS_PLANI!H162 -> 0 | C4: =DERS_PLANI!H174 -> 0 | D4: =DERS_PLANI!H186 -> ENG 102 - 10 (MMF) | E4: =DERS_PLANI!H198 -> 0 | F4: =DERS_PLANI!H210 -> 0
A5: 11:10-12:00 | B5: =DERS_PLANI!H163 -> 0 | C5: =DERS_PLANI!H175 -> 0 | D5: =DERS_PLANI!H187 -> ENG 102 - 10 (MMF) | E5: =DERS_PLANI!H199 -> 0 | F5: =DERS_PLANI!H211 -> 0
A6: 12:10-13:00 | B6: =DERS_PLANI!H164 -> ENG 102 - 07 (MMF) | C6: =DERS_PLANI!H176 -> 0 | D6: =DERS_PLANI!H188 -> ENG 202 - 03 (SIYASET BILIMI) | E6: =DERS_PLANI!H200 -> 0 | F6: =DERS_PLANI!H212 -> 0
A7: 13:10-14:00 | B7: =DERS_PLANI!H165 -> ENG 102 - 07 (MMF) | C7: =DERS_PLANI!H177 -> 0 | D7: =DERS_PLANI!H189 -> ENG 202 - 03 (SIYASET BILIMI) | E7: =DERS_PLANI!H201 -> 0 | F7: =DERS_PLANI!H213 -> 0
A8: 14:10-15:00 | B8: =DERS_PLANI!H166 -> 0 | C8: =DERS_PLANI!H178 -> 0 | D8: =DERS_PLANI!H190 -> 0 | E8: =DERS_PLANI!H202 -> 0 | F8: =DERS_PLANI!H214 -> 0
A9: 15:10-16:00 | B9: =DERS_PLANI!H167 -> ENG 202 - 04 (ISLETME) | C9: =DERS_PLANI!H179 -> 0 | D9: =DERS_PLANI!H191 -> 0 | E9: =DERS_PLANI!H203 -> 0 | F9: =DERS_PLANI!H215 -> 0
A10: 16:10-17:00 | B10: =DERS_PLANI!H168 -> ENG 202 - 04 (ISLETME) | C10: =DERS_PLANI!H180 -> 0 | D10: =DERS_PLANI!H192 -> 0 | E10: =DERS_PLANI!H204 -> 0 | F10: =DERS_PLANI!H216 -> 0
A11: 17:10-18:00 | B11: =DERS_PLANI!H169 -> 0 | C11: =DERS_PLANI!H181 -> 0 | D11: =DERS_PLANI!H193 -> 0 | E11: =DERS_PLANI!H205 -> 0 | F11: =DERS_PLANI!H217 -> 0
A12: 18:10 -19:00 | B12: =DERS_PLANI!H170 -> 0 | C12: =DERS_PLANI!H182 -> 0 | D12: =DERS_PLANI!H194 -> 0 | E12: =DERS_PLANI!H206 -> 0 | F12: =DERS_PLANI!H218 -> 0
A13: 19:10 - 20:00 | B13: =DERS_PLANI!H171 -> 0 | C13: =DERS_PLANI!H183 -> 0 | D13: =DERS_PLANI!H195 -> 0 | E13: =DERS_PLANI!H207 -> 0 | F13: =DERS_PLANI!H219 -> 0
A14: 20:10 - 21:00 | B14: =DERS_PLANI!H172 -> 0 | C14: =DERS_PLANI!H184 -> 0 | D14: =DERS_PLANI!H196 -> 0 | E14: =DERS_PLANI!H208 -> 0 | F14: =DERS_PLANI!H220 -> 0

Sheet C 005
A1: C-005
A2: Saat/Gün | B2: Pazartesi | C2: Salı | D2: Çarşamba | E2: Perşembe | F2: Cuma
A3: 09:10-10:00 | B3: =DERS_PLANI!G161 -> 0 | C3: =DERS_PLANI!G173 -> 0 | D3: =DERS_PLANI!G185 -> 0 | E3: =DERS_PLANI!G197 -> 0 | F3: =DERS_PLANI!G209 -> 0
A4: 10:10-11:00 | B4: =DERS_PLANI!G162 -> 0 | C4: =DERS_PLANI!G174 -> 0 | D4: =DERS_PLANI!G186 -> 0 | E4: =DERS_PLANI!G198 -> 0 | F4: =DERS_PLANI!G210 -> 0
A5: 11:10-12:00 | B5: =DERS_PLANI!G163 -> 0 | C5: =DERS_PLANI!G175 -> 0 | D5: =DERS_PLANI!G187 -> 0 | E5: =DERS_PLANI!G199 -> 0 | F5: =DERS_PLANI!G211 -> 0
A6: 12:10-13:00 | B6: =DERS_PLANI!G164 -> 0 | C6: =DERS_PLANI!G176 -> 0 | D6: =DERS_PLANI!G188 -> 0 | E6: =DERS_PLANI!G200 -> 0 | F6: =DERS_PLANI!G212 -> 0
A7: 13:10-14:00 | B7: =DERS_PLANI!G165 -> 0 | C7: =DERS_PLANI!G177 -> 0 | D7: =DERS_PLANI!G189 -> 0 | E7: =DERS_PLANI!G201 -> 0 | F7: =DERS_PLANI!G213 -> 0
A8: 14:10-15:00 | B8: =DERS_PLANI!G166 -> 0 | C8: =DERS_PLANI!G178 -> 0 | D8: =DERS_PLANI!G190 -> 0 | E8: =DERS_PLANI!G202 -> 0 | F8: =DERS_PLANI!G214 -> 0
A9: 15:10-16:00 | B9: =DERS_PLANI!G167 -> 0 | C9: =DERS_PLANI!G179 -> 0 | D9: =DERS_PLANI!G191 -> 0 | E9: =DERS_PLANI!G203 -> 0 | F9: =DERS_PLANI!G215 -> 0
A10: 16:10-17:00 | B10: =DERS_PLANI!G168 -> 0 | C10: =DERS_PLANI!G180 -> 0 | D10: =DERS_PLANI!G192 -> 0 | E10: =DERS_PLANI!G204 -> 0 | F10: =DERS_PLANI!G216 -> 0
A11: 17:10-18:00 | B11: =DERS_PLANI!G169 -> 0 | C11: =DERS_PLANI!G181 -> 0 | D11: =DERS_PLANI!G193 -> 0 | E11: =DERS_PLANI!G205 -> 0 | F11: =DERS_PLANI!G217 -> 0
A12: 18:10 -19:00 | B12: =DERS_PLANI!G170 -> 0 | C12: =DERS_PLANI!G182 -> 0 | D12: =DERS_PLANI!G194 -> 0 | E12: =DERS_PLANI!G206 -> 0 | F12: =DERS_PLANI!G218 -> 0
A13: 19:10 - 20:00 | B13: =DERS_PLANI!G171 -> 0 | C13: =DERS_PLANI!G183 -> 0 | D13: =DERS_PLANI!G195 -> 0 | E13: =DERS_PLANI!G207 -> 0 | F13: =DERS_PLANI!G219 -> 0
A14: 20:10 - 21:00 | B14: =DERS_PLANI!G172 -> 0 | C14: =DERS_PLANI!G184 -> 0 | D14: =DERS_PLANI!G196 -> 0 | E14: =DERS_PLANI!G208 -> 0 | F14: =DERS_PLANI!G220 -> 0

Sheet C 003
A1: C-003
A2: Saat/Gün | B2: Pazartesi | C2: Salı | D2: Çarşamba | E2: Perşembe | F2: Cuma
A3: 09:10-10:00 | B3: =DERS_PLANI!F161 -> 0 | C3: =DERS_PLANI!F173 -> 0 | D3: =DERS_PLANI!F185 -> 0 | E3: =DERS_PLANI!F197 -> 0 | F3: =DERS_PLANI!F209 -> 0
A4: 10:10-11:00 | B4: =DERS_PLANI!F162 -> 0 | C4: =DERS_PLANI!F174 -> 0 | D4: =DERS_PLANI!F186 -> 0 | E4: =DERS_PLANI!F198 -> 0 | F4: =DERS_PLANI!F210 -> 0
A5: 11:10-12:00 | B5: =DERS_PLANI!F163 -> 0 | C5: =DERS_PLANI!F175 -> 0 | D5: =DERS_PLANI!F187 -> 0 | E5: =DERS_PLANI!F199 -> 0 | F5: =DERS_PLANI!F211 -> 0
A6: 12:10-13:00 | B6: =DERS_PLANI!F164 -> FLM 208 | C6: =DERS_PLANI!F176 -> FLM 402 | D6: =DERS_PLANI!F188 -> 0 | E6: =DERS_PLANI!F200 -> 0 | F6: =DERS_PLANI!F212 -> 0
A7: 13:10-14:00 | B7: =DERS_PLANI!F165 -> FLM 208 | C7: =DERS_PLANI!F177 -> FLM 402 | D7: =DERS_PLANI!F189 -> 0 | E7: =DERS_PLANI!F201 -> 0 | F7: =DERS_PLANI!F213 -> 0
A8: 14:10-15:00 | B8: =DERS_PLANI!F166 -> FLM 208 | C8: =DERS_PLANI!F178 -> FLM 402 | D8: =DERS_PLANI!F190 -> 0 | E8: =DERS_PLANI!F202 -> 0 | F8: =DERS_PLANI!F214 -> 0
A9: 15:10-16:00 | B9: =DERS_PLANI!F167 -> FLM 208 | C9: =DERS_PLANI!F179 -> FLM 402 | D9: =DERS_PLANI!F191 -> 0 | E9: =DERS_PLANI!F203 -> 0 | F9: =DERS_PLANI!F215 -> 0
A10: 16:10-17:00 | B10: =DERS_PLANI!F168 -> 0 | C10: =DERS_PLANI!F180 -> 0 | D10: =DERS_PLANI!F192 -> 0 | E10: =DERS_PLANI!F204 -> 0 | F10: =DERS_PLANI!F216 -> 0
A11: 17:10-18:00 | B11: =DERS_PLANI!F169 -> 0 | C11: =DERS_PLANI!F181 -> 0 | D11: =DERS_PLANI!F193 -> 0 | E11: =DERS_PLANI!F205 -> 0 | F11: =DERS_PLANI!F217 -> 0
A12: 18:10 -19:00 | B12: =DERS_PLANI!F170 -> 0 | C12: =DERS_PLANI!F182 -> 0 | D12: =DERS_PLANI!F194 -> 0 | E12: =DERS_PLANI!F206 -> 0 | F12: =DERS_PLANI!F218 -> 0
A13: 19:10 - 20:00 | B13: =DERS_PLANI!F171 -> 0 | C13: =DERS_PLANI!F183 -> 0 | D13: =DERS_PLANI!F195 -> 0 | E13: =DERS_PLANI!F207 -> 0 | F13: =DERS_PLANI!F219 -> 0
A14: 20:10 - 21:00 | B14: =DERS_PLANI!F172 -> 0 | C14: =DERS_PLANI!F184 -> 0 | D14: =DERS_PLANI!F196 -> 0 | E14: =DERS_PLANI!F208 -> 0 | F14: =DERS_PLANI!F220 -> 0

Sheet L 143
A1: L-143
A2: Saat/Gün | B2: Pazartesi | C2: Salı | D2: Çarşamba | E2: Perşembe | F2: Cuma
A3: 09:10-10:00 | B3: =DERS_PLANI!W85 -> 0 | C3: =DERS_PLANI!W97 -> 0 | D3: =DERS_PLANI!W109 -> PHY 104 (Lab) - Sec 2 (Vedat Tanrıverdi) | E3: =DERS_PLANI!W121 -> PHY 104 (Lab) - Sec 3(Vedat Tanrıverdi) | F3: =DERS_PLANI!W133 -> PHY 104 (Lab) - Sec 1(Vedat Tanrıverdi)
A4: 10:10-11:00 | B4: =DERS_PLANI!W86 -> 0 | C4: =DERS_PLANI!W98 -> 0 | D4: =DERS_PLANI!W110 -> PHY 104 (Lab) - Sec 2 (Vedat Tanrıverdi) | E4: =DERS_PLANI!W122 -> PHY 104 (Lab) - Sec 3(Vedat Tanrıverdi) | F4: =DERS_PLANI!W134 -> PHY 104 (Lab) - Sec 1(Vedat Tanrıverdi)
A5: 11:10-12:00 | B5: =DERS_PLANI!W87 -> 0 | C5: =DERS_PLANI!W99 -> 0 | D5: =DERS_PLANI!W111 -> 0 | E5: =DERS_PLANI!W123 -> 0 | F5: =DERS_PLANI!W135 -> 0
A6: 12:10-13:00 | B6: =DERS_PLANI!W88 -> 0 | C6: =DERS_PLANI!W100 -> 0 | D6: =DERS_PLANI!W112 -> 0 | E6: =DERS_PLANI!W124 -> 0 | F6: =DERS_PLANI!W136 -> 0
A7: 13:10-14:00 | B7: =DERS_PLANI!W89 -> 0 | C7: =DERS_PLANI!W101 -> 0 | D7: =DERS_PLANI!W113 -> 0 | E7: =DERS_PLANI!W125 -> 0 | F7: =DERS_PLANI!W137 -> 0
A8: 14:10-15:00 | B8: =DERS_PLANI!W90 -> 0 | C8: =DERS_PLANI!W102 -> 0 | D8: =DERS_PLANI!W114 -> 0 | E8: =DERS_PLANI!W126 -> 0 | F8: =DERS_PLANI!W138 -> 0
A9: 15:10-16:00 | B9: =DERS_PLANI!W91 -> 0 | C9: =DERS_PLANI!W103 -> 0 | D9: =DERS_PLANI!W115 -> 0 | E9: =DERS_PLANI!W127 -> FIZ 104 (Lab) - Sec 1 (Esra Eroğlu) | F9: =DERS_PLANI!W139 -> 0
A10: 16:10-17:00 | B10: =DERS_PLANI!W92 -> 0 | C10: =DERS_PLANI!W104 -> 0 | D10: =DERS_PLANI!W116 -> 0 | E10: =DERS_PLANI!W128 -> FIZ 104 (Lab) - Sec 1 (Esra Eroğlu) | F10: =DERS_PLANI!W140 -> 0
A11: 17:10-18:00 | B11: =DERS_PLANI!W93 -> 0 | C11: =DERS_PLANI!W105 -> 0 | D11: =DERS_PLANI!W117 -> 0 | E11: =DERS_PLANI!W129 -> 0 | F11: =DERS_PLANI!W141 -> 0
A12: 18:10 -19:00 | B12: =DERS_PLANI!W94 -> 0 | C12: =DERS_PLANI!W106 -> 0 | D12: =DERS_PLANI!W118 -> 0 | E12: =DERS_PLANI!W130 -> 0 | F12: =DERS_PLANI!W142 -> 0
A13: 19:10 - 20:00 | B13: =DERS_PLANI!W95 -> 0 | C13: =DERS_PLANI!W107 -> 0 | D13: =DERS_PLANI!W119 -> 0 | E13: =DERS_PLANI!W131 -> 0 | F13: =DERS_PLANI!W143 -> 0
A14: 20:10 - 21:00 | B14: =DERS_PLANI!W96 -> 0 | C14: =DERS_PLANI!W108 -> 0 | D14: =DERS_PLANI!W120 -> 0 | E14: =DERS_PLANI!W132 -> 0 | F14: =DERS_PLANI!W144 -> 0

Sheet L 140
A1: L-140
A2: Saat/Gün | B2: Pazartesi | C2: Salı | D2: Çarşamba | E2: Perşembe | F2: Cuma
A3: 09:10-10:00 | B3: =DERS_PLANI!T85 -> 0 | C3: =DERS_PLANI!T97 -> 0 | D3: =DERS_PLANI!T109 -> 0 | E3: =DERS_PLANI!T121 -> 0 | F3: =DERS_PLANI!T133 -> 0
A4: 10:10-11:00 | B4: =DERS_PLANI!T86 -> MYO - İHA204 MİKRODENETLEYİCİLER | C4: =DERS_PLANI!T98 -> 0 | D4: =DERS_PLANI!T110 -> 0 | E4: =DERS_PLANI!T122 -> EEE 203 (Lab) - Sec 1 (Hamed K.)-ORTAK DERS | F4: =DERS_PLANI!T134 -> EEE102- Yusuf Uzun
A5: 11:10-12:00 | B5: =DERS_PLANI!T87 -> MYO - İHA204 MİKRODENETLEYİCİLER | C5: =DERS_PLANI!T99 -> 0 | D5: =DERS_PLANI!T111 -> 0 | E5: =DERS_PLANI!T123 -> EEE 203 (Lab) - Sec 1 (Hamed K.) | F5: =DERS_PLANI!T135 -> EEE102- Yusuf Uzun
A6: 12:10-13:00 | B6: =DERS_PLANI!T88 -> 0 | C6: =DERS_PLANI!T100 -> 0 | D6: =DERS_PLANI!T112 -> EEE 212 (Lab) - Sec 1 (Parisa Akar) | E6: =DERS_PLANI!T124 -> EEE 302 (Lab) - Sec 1 (Yusuf Uzun) | F6: =DERS_PLANI!T136 -> 0
A7: 13:10-14:00 | B7: =DERS_PLANI!T89 -> MYO - IHA112 TEMEL ELEKTRİK ve ELEKTRONİK ş1 | C7: =DERS_PLANI!T101 -> 0 | D7: =DERS_PLANI!T113 -> EEE 212 (Lab) - Sec 1 (Parisa Akar) | E7: =DERS_PLANI!T125 -> EEE 302 (Lab) - Sec 1 (Yusuf Uzun) | F7: =DERS_PLANI!T137 -> 0
A8: 14:10-15:00 | B8: =DERS_PLANI!T90 -> MYO - IHA112 TEMEL ELEKTRİK ve ELEKTRONİK ş1 | C8: =DERS_PLANI!T102 -> 0 | D8: =DERS_PLANI!T114 -> 0 | E8: =DERS_PLANI!T126 -> 0 | F8: =DERS_PLANI!T138 -> 0
A9: 15:10-16:00 | B9: =DERS_PLANI!T91 -> 0 | C9: =DERS_PLANI!T103 -> MYO - IHA112 TEMEL ELEKTRİK ve ELEKTRONİK ş2 | D9: =DERS_PLANI!T115 -> MYO - IHA206 ARIZA ANALİZ | E9: =DERS_PLANI!T127 -> 0 | F9: =DERS_PLANI!T139 -> 0
A10: 16:10-17:00 | B10: =DERS_PLANI!T92 -> 0 | C10: =DERS_PLANI!T104 -> MYO - IHA112 TEMEL ELEKTRİK ve ELEKTRONİK ş2 | D10: =DERS_PLANI!T116 -> MYO - IHA206 ARIZA ANALİZ | E10: =DERS_PLANI!T128 -> 0 | F10: =DERS_PLANI!T140 -> 0
A11: 17:10-18:00 | B11: =DERS_PLANI!T93 -> 0 | C11: =DERS_PLANI!T105 -> 0 | D11: =DERS_PLANI!T117 -> MYO - IHA206 ARIZA ANALİZ | E11: =DERS_PLANI!T129 -> 0 | F11: =DERS_PLANI!T141 -> 0
A12: 18:10 -19:00 | B12: =DERS_PLANI!T94 -> 0 | C12: =DERS_PLANI!T106 -> 0 | D12: =DERS_PLANI!T118 -> 0 | E12: =DERS_PLANI!T130 -> 0 | F12: =DERS_PLANI!T142 -> 0
A13: 19:10 - 20:00 | B13: =DERS_PLANI!T95 -> 0 | C13: =DERS_PLANI!T107 -> 0 | D13: =DERS_PLANI!T119 -> 0 | E13: =DERS_PLANI!T131 -> 0 | F13: =DERS_PLANI!T143 -> 0
A14: 20:10 - 21:00 | B14: =DERS_PLANI!T96 -> 0 | C14: =DERS_PLANI!T108 -> 0 | D14: =DERS_PLANI!T120 -> 0 | E14: =DERS_PLANI!T132 -> 0 | F14: =DERS_PLANI!T144 -> 0

Sheet L 141
A1: L-141
A2: Saat/Gün | B2: Pazartesi | C2: Salı | D2: Çarşamba | E2: Perşembe | F2: Cuma
A3: 09:10-10:00 | B3: =DERS_PLANI!U85 -> MYO BGT 104 SANALLAŞTIRMA VE BULUT TEKNOLOJİLERİ Ş1 | C3: =DERS_PLANI!U97 -> MYO - BIL 122 JAVA İLE PROGRAMLAMA II U Ş1 | D3: =DERS_PLANI!U109 -> 0 | E3: =DERS_PLANI!U121 -> BM 102 (Lab) - Sec 1 (Hasan Karaaslan) | F3: =DERS_PLANI!U133 -> CENG 102 (Lab) - Sec 2 (Hasan Karaaslan)
A4: 10:10-11:00 | B4: =DERS_PLANI!U86 -> MYO BGT 104 SANALLAŞTIRMA VE BULUT TEKNOLOJİLERİ Ş1 | C4: =DERS_PLANI!U98 -> MYO - BIL 122 JAVA İLE PROGRAMLAMA II U Ş1 | D4: =DERS_PLANI!U110 -> CENG 102 (Lab) - Sec 1 (Hasan Karaaslan) | E4: =DERS_PLANI!U122 -> BM 102 (Lab) - Sec 1 (Hasan Karaaslan) | F4: =DERS_PLANI!U134 -> CENG 102 (Lab) - Sec 2 (Hasan Karaaslan)
A5: 11:10-12:00 | B5: =DERS_PLANI!U87 -> MYO BGT 104 SANALLAŞTIRMA VE BULUT TEKNOLOJİLERİ Ş1 | C5: =DERS_PLANI!U99 -> MYO - BIL 122 JAVA İLE PROGRAMLAMA II U Ş2 | D5: =DERS_PLANI!U111 -> CENG 102 (Lab) - Sec 1 (Hasan Karaaslan) | E5: =DERS_PLANI!U123 -> 0 | F5: =DERS_PLANI!U135 -> 0
A6: 12:10-13:00 | B6: =DERS_PLANI!U88 -> MYO - BIL 224 Algoritma ve Programlama ş1 | C6: =DERS_PLANI!U100 -> MYO - BIL 122 JAVA İLE PROGRAMLAMA II U Ş2 | D6: =DERS_PLANI!U112 -> 0 | E6: =DERS_PLANI!U124 -> 0 | F6: =DERS_PLANI!U136 -> 0
A7: 13:10-14:00 | B7: =DERS_PLANI!U89 -> MYO - BIL 224 Algoritma ve Programlama ş1 | C7: =DERS_PLANI!U101 -> BM 102 (Lab) - Sec 1 (Hasan Karaaslan) | D7: =DERS_PLANI!U113 -> CENG 102 (Lab) - Sec 2 (Hasan Karaaslan) | E7: =DERS_PLANI!U125 -> CENG 102 (Lab) - Sec 1 (Hasan Karaaslan) | F7: =DERS_PLANI!U137 -> 0
A8: 14:10-15:00 | B8: =DERS_PLANI!U90 -> MYO - BIL 224 Algoritma ve Programlama ş1 | C8: =DERS_PLANI!U102 -> BM 102 (Lab) - Sec 1 (Hasan Karaaslan) | D8: =DERS_PLANI!U114 -> CENG 102 (Lab) - Sec 2 (Hasan Karaaslan) | E8: =DERS_PLANI!U126 -> CENG 102 (Lab) - Sec 1 (Hasan Karaaslan) | F8: =DERS_PLANI!U138 -> 0
A9: 15:10-16:00 | B9: =DERS_PLANI!U91 -> CENG 101 (Lab) - Sec 1 (Halil Özmen) | C9: =DERS_PLANI!U103 -> MYO - BIL 122 JAVA İLE PROGRAMLAMA II U Ş3 | D9: =DERS_PLANI!U115 -> IE 112 - Teknik Resim | E9: =DERS_PLANI!U127 -> CENG 102 (Lab) - Sec 3 (Hasan Karaaslan) | F9: =DERS_PLANI!U139 -> CENG 102 (Lab) - Sec 3 (Hasan Karaaslan)
A10: 16:10-17:00 | B10: =DERS_PLANI!U92 -> CENG 101 (Lab) - Sec 1 (Halil Özmen) | C10: =DERS_PLANI!U104 -> MYO - BIL 122 JAVA İLE PROGRAMLAMA II U Ş3 | D10: =DERS_PLANI!U116 -> IE 112 - Teknik Resim | E10: =DERS_PLANI!U128 -> CENG 102 (Lab) - Sec 3(Hasan Karaaslan) | F10: =DERS_PLANI!U140 -> CENG 102 (Lab) - Sec 3 (Hasan Karaaslan)
A11: 17:10-18:00 | B11: =DERS_PLANI!U93 -> 0 | C11: =DERS_PLANI!U105 -> 0 | D11: =DERS_PLANI!U117 -> IE 112 - Teknik Resim | E11: =DERS_PLANI!U129 -> 0 | F11: =DERS_PLANI!U141 -> 0
A12: 18:10 -19:00 | B12: =DERS_PLANI!U94 -> 0 | C12: =DERS_PLANI!U106 -> 0 | D12: =DERS_PLANI!U118 -> 0 | E12: =DERS_PLANI!U130 -> 0 | F12: =DERS_PLANI!U142 -> 0
A13: 19:10 - 20:00 | B13: =DERS_PLANI!U95 -> 0 | C13: =DERS_PLANI!U107 -> 0 | D13: =DERS_PLANI!U119 -> 0 | E13: =DERS_PLANI!U131 -> 0 | F13: =DERS_PLANI!U143 -> 0
A14: 20:10 - 21:00 | B14: =DERS_PLANI!U96 -> 0 | C14: =DERS_PLANI!U108 -> 0 | D14: =DERS_PLANI!U120 -> 0 | E14: =DERS_PLANI!U132 -> 0 | F14: =DERS_PLANI!U144 -> 0

Sheet L 142
A1: L-142
A2: Saat/Gün | B2: Pazartesi | C2: Salı | D2: Çarşamba | E2: Perşembe | F2: Cuma
A3: 09:10-10:00 | B3: =DERS_PLANI!V85 -> MYO BGT 102 GÜVENLİ AĞ TASARIMI VE CİHAZ YÖNETİMİ Ş1 | C3: =DERS_PLANI!V97 -> İTBF | D3: =DERS_PLANI!V109 -> 0 | E3: =DERS_PLANI!V127 -> CENG 102 (Lab) - Sec 3 (Hasan Karaaslan) | F3: =DERS_PLANI!V133 -> CENG 102 (Lab) - Sec 2 (Hasan Karaaslan)
A4: 10:10-11:00 | B4: =DERS_PLANI!V86 -> MYO BGT 102 GÜVENLİ AĞ TASARIMI VE CİHAZ YÖNETİMİ Ş1 | C4: =DERS_PLANI!V98 -> İTBF | D4: =DERS_PLANI!V110 -> CENG 102 (Lab) - Sec 1 (Hasan Karaaslan) | E4: =DERS_PLANI!V128 -> CENG 102 (Lab) - Sec 3(Hasan Karaaslan) | F4: =DERS_PLANI!V134 -> CENG 102 (Lab) - Sec 2 (Hasan Karaaslan)
A5: 11:10-12:00 | B5: =DERS_PLANI!V87 -> MYO BGT 102 GÜVENLİ AĞ TASARIMI VE CİHAZ YÖNETİMİ Ş1 | C5: =DERS_PLANI!V99 -> İTBF | D5: =DERS_PLANI!V111 -> CENG 102 (Lab) - Sec 1 (Hasan Karaaslan) | E5: =DERS_PLANI!V129 -> 0 | F5: =DERS_PLANI!V135 -> 0
A6: 12:10-13:00 | B6: =DERS_PLANI!V88 -> MYO - İHA204 MİKRODENETLEYİCİLER | C6: =DERS_PLANI!V100 -> İTBF | D6: =DERS_PLANI!V112 -> 0 | E6: =DERS_PLANI!V130 -> 0 | F6: =DERS_PLANI!V136 -> 0
A7: 13:10-14:00 | B7: =DERS_PLANI!V89 -> MYO - İHA204 MİKRODENETLEYİCİLER | C7: =DERS_PLANI!V101 -> BM 332 (Lab) - Sec 1 | D7: =DERS_PLANI!V113 -> CENG 102 (Lab) - Sec 2 (Hasan Karaaslan) | E7: =DERS_PLANI!V131 -> 0 | F7: =DERS_PLANI!V137 -> 0
A8: 14:10-15:00 | B8: =DERS_PLANI!V90 -> 0 | C8: =DERS_PLANI!V102 -> BM 332 (Lab) - Sec 1 | D8: =DERS_PLANI!V114 -> CENG 102 (Lab) - Sec 2 (Hasan Karaaslan) | E8: =DERS_PLANI!V132 -> 0 | F8: =DERS_PLANI!V138 -> 0
A9: 15:10-16:00 | B9: =DERS_PLANI!V91 -> EEE 482 (Teorik) - Sec 1 (Mahmut Mol) | C9: =DERS_PLANI!V103 -> İTBF | D9: =DERS_PLANI!V115 -> EEE 304 (Lab) - Sec 1 (Hamed K.) | E9: =DERS_PLANI!V133 -> CENG 102 (Lab) - Sec 2 (Hasan Karaaslan) | F9: =DERS_PLANI!V139 -> CENG 102 (Lab) - Sec 3 (Hasan Karaaslan)
A10: 16:10-17:00 | B10: =DERS_PLANI!V92 -> EEE 482 (Teorik) - Sec 1 (Mahmut Mol) | C10: =DERS_PLANI!V104 -> İTBF | D10: =DERS_PLANI!V116 -> EEE 304 (Lab) - Sec 1 (Hamed K.) | E10: =DERS_PLANI!V134 -> CENG 102 (Lab) - Sec 2 (Hasan Karaaslan) | F10: =DERS_PLANI!V140 -> CENG 102 (Lab) - Sec 3 (Hasan Karaaslan)
A11: 17:10-18:00 | B11: =DERS_PLANI!V93 -> EEE 482 (Teorik) - Sec 1 (Mahmut Mol) | C11: =DERS_PLANI!V105 -> İTBF | D11: =DERS_PLANI!V117 -> 0 | E11: =DERS_PLANI!V135 -> 0 | F11: =DERS_PLANI!V141 -> 0
A12: 18:10 -19:00 | B12: =DERS_PLANI!V94 -> 0 | C12: =DERS_PLANI!V106 -> 0 | D12: =DERS_PLANI!V118 -> 0 | E12: =DERS_PLANI!V136 -> 0 | F12: =DERS_PLANI!V142 -> 0
A13: 19:10 - 20:00 | B13: =DERS_PLANI!V95 -> 0 | C13: =DERS_PLANI!V107 -> 0 | D13: =DERS_PLANI!V119 -> 0 | E13: =DERS_PLANI!V137 -> 0 | F13: =DERS_PLANI!V143 -> 0
A14: 20:10 - 21:00 | B14: =DERS_PLANI!V96 -> 0 | C14: =DERS_PLANI!V108 -> 0 | D14: =DERS_PLANI!V120 -> 0 | E14: =DERS_PLANI!V138 -> 0 | F14: =DERS_PLANI!V144 -> 0

Sheet L 139
A1: L-139
A2: Saat/Gün | B2: Pazartesi | C2: Salı | D2: Çarşamba | E2: Perşembe | F2: Cuma
A3: 09:10-10:00 | B3: =DERS_PLANI!S85 -> 0 | C3: =DERS_PLANI!S97 -> 0 | D3: =DERS_PLANI!S109 -> 0 | E3: =DERS_PLANI!S121 -> 0 | F3: =DERS_PLANI!S133 -> 0
A4: 10:10-11:00 | B4: =DERS_PLANI!S86 -> 0 | C4: =DERS_PLANI!S98 -> 0 | D4: =DERS_PLANI!S110 -> 0 | E4: =DERS_PLANI!S122 -> 0 | F4: =DERS_PLANI!S134 -> 0
A5: 11:10-12:00 | B5: =DERS_PLANI!S87 -> 0 | C5: =DERS_PLANI!S99 -> 0 | D5: =DERS_PLANI!S111 -> 0 | E5: =DERS_PLANI!S123 -> 0 | F5: =DERS_PLANI!S135 -> 0
A6: 12:10-13:00 | B6: =DERS_PLANI!S88 -> 0 | C6: =DERS_PLANI!S100 -> 0 | D6: =DERS_PLANI!S112 -> 0 | E6: =DERS_PLANI!S124 -> 0 | F6: =DERS_PLANI!S136 -> 0
A7: 13:10-14:00 | B7: =DERS_PLANI!S89 -> 0 | C7: =DERS_PLANI!S101 -> 0 | D7: =DERS_PLANI!S113 -> 0 | E7: =DERS_PLANI!S125 -> 0 | F7: =DERS_PLANI!S137 -> 0
A8: 14:10-15:00 | B8: =DERS_PLANI!S90 -> 0 | C8: =DERS_PLANI!S102 -> 0 | D8: =DERS_PLANI!S114 -> 0 | E8: =DERS_PLANI!S126 -> 0 | F8: =DERS_PLANI!S138 -> 0
A9: 15:10-16:00 | B9: =DERS_PLANI!S91 -> 0 | C9: =DERS_PLANI!S103 -> 0 | D9: =DERS_PLANI!S115 -> 0 | E9: =DERS_PLANI!S127 -> 0 | F9: =DERS_PLANI!S139 -> 0
A10: 16:10-17:00 | B10: =DERS_PLANI!S92 -> 0 | C10: =DERS_PLANI!S104 -> 0 | D10: =DERS_PLANI!S116 -> 0 | E10: =DERS_PLANI!S128 -> 0 | F10: =DERS_PLANI!S140 -> 0
A11: 17:10-18:00 | B11: =DERS_PLANI!S93 -> 0 | C11: =DERS_PLANI!S105 -> 0 | D11: =DERS_PLANI!S117 -> 0 | E11: =DERS_PLANI!S129 -> 0 | F11: =DERS_PLANI!S141 -> 0
A12: 18:10 -19:00 | B12: =DERS_PLANI!S94 -> 0 | C12: =DERS_PLANI!S106 -> 0 | D12: =DERS_PLANI!S118 -> 0 | E12: =DERS_PLANI!S130 -> 0 | F12: =DERS_PLANI!S142 -> 0
A13: 19:10 - 20:00 | B13: =DERS_PLANI!S95 -> 0 | C13: =DERS_PLANI!S107 -> 0 | D13: =DERS_PLANI!S119 -> 0 | E13: =DERS_PLANI!S131 -> 0 | F13: =DERS_PLANI!S143 -> 0
A14: 20:10 - 21:00 | B14: =DERS_PLANI!S96 -> 0 | C14: =DERS_PLANI!S108 -> 0 | D14: =DERS_PLANI!S120 -> 0 | E14: =DERS_PLANI!S132 -> 0 | F14: =DERS_PLANI!S144 -> 0

Sheet C 121
A1: C-121
A2: Saat/Gün | B2: Pazartesi | C2: Salı | D2: Çarşamba | E2: Perşembe | F2: Cuma
A3: 09:10-10:00 | B3: =DERS_PLANI!M85 -> YBS 142 JAVA DOÇ.DR.GÜNEY GÜRSEL | C3: =DERS_PLANI!M97 -> İTBF | D3: =DERS_PLANI!M109 -> MYO - VTK 204 İÇERİK YÖNETİM SİSTEMLERİ | E3: =DERS_PLANI!M121 -> MYO - VTK 232 JavaScript ile Programlama | F3: =DERS_PLANI!M133 -> Araştırma Görevlisi Sınavı İTBF
A4: 10:10-11:00 | B4: =DERS_PLANI!M86 -> YBS 142 JAVA DOÇ.DR.GÜNEY GÜRSEL | C4: =DERS_PLANI!M98 -> İTBF | D4: =DERS_PLANI!M110 -> MYO - VTK 204 İÇERİK YÖNETİM SİSTEMLERİ | E4: =DERS_PLANI!M122 -> MYO - VTK 232 JavaScript ile Programlama | F4: =DERS_PLANI!M134 -> Araştırma Görevlisi Sınavı İTBF
A5: 11:10-12:00 | B5: =DERS_PLANI!M87 -> YBS 142 JAVA DOÇ.DR.GÜNEY GÜRSEL | C5: =DERS_PLANI!M99 -> İTBF | D5: =DERS_PLANI!M111 -> MYO - VTK 204 İÇERİK YÖNETİM SİSTEMLERİ | E5: =DERS_PLANI!M123 -> MYO - VTK 232 JavaScript ile Programlama | F5: =DERS_PLANI!M135 -> Araştırma Görevlisi Sınavı İTBF
A6: 12:10-13:00 | B6: =DERS_PLANI!M88 -> MYO - VTK 206 Web Analitiği ve Zekası | C6: =DERS_PLANI!M100 -> MIS 260 (Assoc. Prof. Erdoğan) | D6: =DERS_PLANI!M112 -> MYO - BIL 122 JAVA İLE PROGRAMLAMA II U Ş3 | E6: =DERS_PLANI!M124 -> MYO - BIL 224 Algoritma ve Programlama ş2 | F6: =DERS_PLANI!M136 -> 0
A7: 13:10-14:00 | B7: =DERS_PLANI!M89 -> MYO - VTK 206 Web Analitiği ve Zekası | C7: =DERS_PLANI!M101 -> MIS 260 (Assoc. Prof. Erdoğan) | D7: =DERS_PLANI!M113 -> MYO - BIL 122 JAVA İLE PROGRAMLAMA II U Ş3 | E7: =DERS_PLANI!M125 -> MYO - BIL 224 Algoritma ve Programlama ş2 | F7: =DERS_PLANI!M137 -> 0
A8: 14:10-15:00 | B8: =DERS_PLANI!M90 -> MYO - VTK 206 Web Analitiği ve Zekası | C8: =DERS_PLANI!M102 -> MIS 260 (Assoc. Prof. Erdoğan) | D8: =DERS_PLANI!M114 -> 0 | E8: =DERS_PLANI!M126 -> MYO - BIL 224 Algoritma ve Programlama ş2 | F8: =DERS_PLANI!M138 -> 0
A9: 15:10-16:00 | B9: =DERS_PLANI!M91 -> 0 | C9: =DERS_PLANI!M103 -> İTBF | D9: =DERS_PLANI!M115 -> 0 | E9: =DERS_PLANI!M127 -> ETI 212 | F9: =DERS_PLANI!M139 -> 0
A10: 16:10-17:00 | B10: =DERS_PLANI!M92 -> 0 | C10: =DERS_PLANI!M104 -> İTBF | D10: =DERS_PLANI!M116 -> 0 | E10: =DERS_PLANI!M128 -> ETI 212 | F10: =DERS_PLANI!M140 -> 0
A11: 17:10-18:00 | B11: =DERS_PLANI!M93 -> 0 | C11: =DERS_PLANI!M105 -> İTBF | D11: =DERS_PLANI!M117 -> 0 | E11: =DERS_PLANI!M129 -> ETI 212 | F11: =DERS_PLANI!M141 -> 0
A12: 18:10 -19:00 | B12: =DERS_PLANI!M94 -> 0 | C12: =DERS_PLANI!M106 -> İTBF | D12: =DERS_PLANI!M118 -> 0 | E12: =DERS_PLANI!M130 -> 0 | F12: =DERS_PLANI!M142 -> 0
A13: 19:10 - 20:00 | B13: =DERS_PLANI!M95 -> 0 | C13: =DERS_PLANI!M107 -> İTBF | D13: =DERS_PLANI!M119 -> 0 | E13: =DERS_PLANI!M131 -> 0 | F13: =DERS_PLANI!M143 -> 0
A14: 20:10 - 21:00 | B14: =DERS_PLANI!M96 -> 0 | C14: =DERS_PLANI!M108 -> İTBF | D14: =DERS_PLANI!M120 -> 0 | E14: =DERS_PLANI!M132 -> 0 | F14: =DERS_PLANI!M144 -> 0

Sheet C 114
A1: C-114
A2: Saat/Gün | B2: Pazartesi | C2: Salı | D2: Çarşamba | E2: Perşembe | F2: Cuma
A3: 09:10-10:00 | B3: =DERS_PLANI!K85 -> 0 | C3: =DERS_PLANI!K97 -> 0 | D3: =DERS_PLANI!K109 -> 0 | E3: =DERS_PLANI!K121 -> 0 | F3: =DERS_PLANI!K133 -> 0
A4: 10:10-11:00 | B4: =DERS_PLANI!K86 -> 0 | C4: =DERS_PLANI!K98 -> 0 | D4: =DERS_PLANI!K110 -> 0 | E4: =DERS_PLANI!K122 -> 0 | F4: =DERS_PLANI!K134 -> 0
A5: 11:10-12:00 | B5: =DERS_PLANI!K87 -> 0 | C5: =DERS_PLANI!K99 -> 0 | D5: =DERS_PLANI!K111 -> 0 | E5: =DERS_PLANI!K123 -> 0 | F5: =DERS_PLANI!K135 -> 0
A6: 12:10-13:00 | B6: =DERS_PLANI!K88 -> 0 | C6: =DERS_PLANI!K100 -> 0 | D6: =DERS_PLANI!K112 -> 0 | E6: =DERS_PLANI!K124 -> 0 | F6: =DERS_PLANI!K136 -> 0
A7: 13:10-14:00 | B7: =DERS_PLANI!K89 -> 0 | C7: =DERS_PLANI!K101 -> 0 | D7: =DERS_PLANI!K113 -> 0 | E7: =DERS_PLANI!K125 -> 0 | F7: =DERS_PLANI!K137 -> 0
A8: 14:10-15:00 | B8: =DERS_PLANI!K90 -> 0 | C8: =DERS_PLANI!K102 -> 0 | D8: =DERS_PLANI!K114 -> 0 | E8: =DERS_PLANI!K126 -> 0 | F8: =DERS_PLANI!K138 -> 0
A9: 15:10-16:00 | B9: =DERS_PLANI!K91 -> 0 | C9: =DERS_PLANI!K103 -> 0 | D9: =DERS_PLANI!K115 -> 0 | E9: =DERS_PLANI!K127 -> 0 | F9: =DERS_PLANI!K139 -> 0
A10: 16:10-17:00 | B10: =DERS_PLANI!K92 -> 0 | C10: =DERS_PLANI!K104 -> 0 | D10: =DERS_PLANI!K116 -> 0 | E10: =DERS_PLANI!K128 -> 0 | F10: =DERS_PLANI!K140 -> 0
A11: 17:10-18:00 | B11: =DERS_PLANI!K93 -> 0 | C11: =DERS_PLANI!K105 -> 0 | D11: =DERS_PLANI!K117 -> 0 | E11: =DERS_PLANI!K129 -> 0 | F11: =DERS_PLANI!K141 -> 0
A12: 18:10 -19:00 | B12: =DERS_PLANI!K94 -> 0 | C12: =DERS_PLANI!K106 -> 0 | D12: =DERS_PLANI!K118 -> 0 | E12: =DERS_PLANI!K130 -> 0 | F12: =DERS_PLANI!K142 -> 0
A13: 19:10 - 20:00 | B13: =DERS_PLANI!K95 -> 0 | C13: =DERS_PLANI!K107 -> 0 | D13: =DERS_PLANI!K119 -> 0 | E13: =DERS_PLANI!K131 -> 0 | F13: =DERS_PLANI!K143 -> 0
A14: 20:10 - 21:00 | B14: =DERS_PLANI!K96 -> 0 | C14: =DERS_PLANI!K108 -> 0 | D14: =DERS_PLANI!K120 -> 0 | E14: =DERS_PLANI!K132 -> 0 | F14: =DERS_PLANI!K144 -> 0

Sheet C 113
A1: C-113
A2: Saat/Gün | B2: Pazartesi | C2: Salı | D2: Çarşamba | E2: Perşembe | F2: Cuma
A3: 09:10-10:00 | B3: =DERS_PLANI!J85 -> 0 | C3: =DERS_PLANI!J97 -> 0 | D3: =DERS_PLANI!J109 -> 0 | E3: =DERS_PLANI!J121 -> ETI 202 Telafi Dersi | F3: =DERS_PLANI!J133 -> YBS 351 SİMÜLASYON VE MODELLEME DR. GÜLÇİN ADIYAMAN
A4: 10:10-11:00 | B4: =DERS_PLANI!J86 -> 0 | C4: =DERS_PLANI!J98 -> ENG 202 - 01 (YBS) | D4: =DERS_PLANI!J110 -> OC 151 | E4: =DERS_PLANI!J122 -> ETI 202 Telafi Dersi | F4: =DERS_PLANI!J134 -> YBS 351 SİMÜLASYON VE MODELLEME DR. GÜLÇİN ADIYAMAN
A5: 11:10-12:00 | B5: =DERS_PLANI!J87 -> 0 | C5: =DERS_PLANI!J99 -> ENG 202 - 01 (YBS) | D5: =DERS_PLANI!J111 -> OC 152 | E5: =DERS_PLANI!J123 -> ETI 202 Telafi Dersi | F5: =DERS_PLANI!J135 -> YBS 351 SİMÜLASYON VE MODELLEME DR. GÜLÇİN ADIYAMAN
A6: 12:10-13:00 | B6: =DERS_PLANI!J88 -> 0 | C6: =DERS_PLANI!J100 -> MIS 132 (Prof. Eren) | D6: =DERS_PLANI!J112 -> ENG 202 - 03 (SIYASET BILIMI) | E6: =DERS_PLANI!J124 -> MIS 312 (Dr. Başeğmez) | F6: =DERS_PLANI!J136 -> 0
A7: 13:10-14:00 | B7: =DERS_PLANI!J89 -> 0 | C7: =DERS_PLANI!J101 -> MIS 132 (Prof. Eren) | D7: =DERS_PLANI!J113 -> ENG 202 - 03 (SIYASET BILIMI) | E7: =DERS_PLANI!J125 -> MIS 312 (Dr. Başeğmez) | F7: =DERS_PLANI!J137 -> 0
A8: 14:10-15:00 | B8: =DERS_PLANI!J90 -> ENG 202 - 07 (TR PSK. ) | C8: =DERS_PLANI!J102 -> MIS 132 (Prof. Eren) | D8: =DERS_PLANI!J114 -> 0 | E8: =DERS_PLANI!J126 -> MIS 312 (Dr. Başeğmez) | F8: =DERS_PLANI!J138 -> 0
A9: 15:10-16:00 | B9: =DERS_PLANI!J91 -> ENG 202 - 07 (TR PSK.) | C9: =DERS_PLANI!J103 -> PSİ 455 | D9: =DERS_PLANI!J115 -> 0 | E9: =DERS_PLANI!J127 -> 0 | F9: =DERS_PLANI!J139 -> 0
A10: 16:10-17:00 | B10: =DERS_PLANI!J92 -> 0 | C10: =DERS_PLANI!J104 -> PSİ 455 | D10: =DERS_PLANI!J116 -> 0 | E10: =DERS_PLANI!J128 -> 0 | F10: =DERS_PLANI!J140 -> 0
A11: 17:10-18:00 | B11: =DERS_PLANI!J93 -> 0 | C11: =DERS_PLANI!J105 -> PSİ 455 | D11: =DERS_PLANI!J117 -> 0 | E11: =DERS_PLANI!J129 -> 0 | F11: =DERS_PLANI!J141 -> 0
A12: 18:10 -19:00 | B12: =DERS_PLANI!J94 -> 0 | C12: =DERS_PLANI!J106 -> 0 | D12: =DERS_PLANI!J118 -> 0 | E12: =DERS_PLANI!J130 -> 0 | F12: =DERS_PLANI!J142 -> 0
A13: 19:10 - 20:00 | B13: =DERS_PLANI!J95 -> 0 | C13: =DERS_PLANI!J107 -> 0 | D13: =DERS_PLANI!J119 -> 0 | E13: =DERS_PLANI!J131 -> 0 | F13: =DERS_PLANI!J143 -> 0
A14: 20:10 - 21:00 | B14: =DERS_PLANI!J96 -> 0 | C14: =DERS_PLANI!J108 -> 0 | D14: =DERS_PLANI!J120 -> 0 | E14: =DERS_PLANI!J132 -> 0 | F14: =DERS_PLANI!J144 -> 0

Sheet C 109
A1: C-109
A2: Saat/Gün | B2: Pazartesi | C2: Salı | D2: Çarşamba | E2: Perşembe | F2: Cuma
A3: 09:10-10:00 | B3: =DERS_PLANI!I85 -> 0 | C3: =DERS_PLANI!I97 -> 0 | D3: =DERS_PLANI!I109 -> 0 | E3: =DERS_PLANI!I121 -> 0 | F3: =DERS_PLANI!I133 -> 0
A4: 10:10-11:00 | B4: =DERS_PLANI!I86 -> ENG 302 - 09 | C4: =DERS_PLANI!I98 -> ENG 202 - 06 (TR PSK. ) | D4: =DERS_PLANI!I110 -> 0 | E4: =DERS_PLANI!I122 -> 0 | F4: =DERS_PLANI!I134 -> ENG 202 -05 (TR YBS)
A5: 11:10-12:00 | B5: =DERS_PLANI!I87 -> ENG 302 - 09 | C5: =DERS_PLANI!I99 -> ENG 202 - 06 ( TR PSK. ) | D5: =DERS_PLANI!I111 -> 0 | E5: =DERS_PLANI!I123 -> MIS 142 (Assoc. Prof. Erdoğan) | F5: =DERS_PLANI!I135 -> ENG 202 -05 (TR YBS)
A6: 12:10-13:00 | B6: =DERS_PLANI!I88 -> PSİ 221 | C6: =DERS_PLANI!I100 -> PSY 313 | D6: =DERS_PLANI!I112 -> PSY 221 | E6: =DERS_PLANI!I124 -> MIS 142 (Assoc. Prof. Erdoğan) | F6: =DERS_PLANI!I136 -> 0
A7: 13:10-14:00 | B7: =DERS_PLANI!I89 -> PSİ 221 | C7: =DERS_PLANI!I101 -> PSY 313 | D7: =DERS_PLANI!I113 -> PSY 221 | E7: =DERS_PLANI!I125 -> MIS 142 (Assoc. Prof. Erdoğan) | F7: =DERS_PLANI!I137 -> 0
A8: 14:10-15:00 | B8: =DERS_PLANI!I90 -> PSİ 221 | C8: =DERS_PLANI!I102 -> PSY 313 | D8: =DERS_PLANI!I114 -> PSY 221 | E8: =DERS_PLANI!I126 -> 0 | F8: =DERS_PLANI!I138 -> PSİ 453
A9: 15:10-16:00 | B9: =DERS_PLANI!I91 -> 0 | C9: =DERS_PLANI!I103 -> PSİ 455 | D9: =DERS_PLANI!I115 -> ENG 302 - 02 (ITBF-YBS) | E9: =DERS_PLANI!I127 -> PSY 229 | F9: =DERS_PLANI!I139 -> PSİ 453
A10: 16:10-17:00 | B10: =DERS_PLANI!I92 -> 0 | C10: =DERS_PLANI!I104 -> PSİ 455 | D10: =DERS_PLANI!I116 -> ENG 302 - 02 (ITBF-YBS) | E10: =DERS_PLANI!I128 -> PSY 229 | F10: =DERS_PLANI!I140 -> PSİ 453
A11: 17:10-18:00 | B11: =DERS_PLANI!I93 -> 0 | C11: =DERS_PLANI!I105 -> PSİ 455 | D11: =DERS_PLANI!I117 -> 0 | E11: =DERS_PLANI!I129 -> PSY 229 | F11: =DERS_PLANI!I141 -> 0
A12: 18:10 -19:00 | B12: =DERS_PLANI!I94 -> 0 | C12: =DERS_PLANI!I106 -> 0 | D12: =DERS_PLANI!I118 -> 0 | E12: =DERS_PLANI!I130 -> 0 | F12: =DERS_PLANI!I142 -> 0
A13: 19:10 - 20:00 | B13: =DERS_PLANI!I95 -> 0 | C13: =DERS_PLANI!I107 -> 0 | D13: =DERS_PLANI!I119 -> 0 | E13: =DERS_PLANI!I131 -> 0 | F13: =DERS_PLANI!I143 -> 0
A14: 20:10 - 21:00 | B14: =DERS_PLANI!I96 -> 0 | C14: =DERS_PLANI!I108 -> 0 | D14: =DERS_PLANI!I120 -> 0 | E14: =DERS_PLANI!I132 -> 0 | F14: =DERS_PLANI!I144 -> 0

Sheet C 104
A1: C-104
A2: Saat/Gün | B2: Pazartesi | C2: Salı | D2: Çarşamba | E2: Perşembe | F2: Cuma
A3: 09:10-10:00 | B3: =DERS_PLANI!H85 -> PSY 453 | C3: =DERS_PLANI!H97 -> PSY 453 | D3: =DERS_PLANI!H109 -> PSY 455 | E3: =DERS_PLANI!H121 -> PSY 484 | F3: =DERS_PLANI!H133 -> PSY 322
A4: 10:10-11:00 | B4: =DERS_PLANI!H86 -> PSY 453 | C4: =DERS_PLANI!H98 -> PSY 453 | D4: =DERS_PLANI!H110 -> PSY 455 | E4: =DERS_PLANI!H122 -> PSY 484 | F4: =DERS_PLANI!H134 -> PSY 322
A5: 11:10-12:00 | B5: =DERS_PLANI!H87 -> PSY 453 | C5: =DERS_PLANI!H99 -> PSY 453 | D5: =DERS_PLANI!H111 -> PSY 455 | E5: =DERS_PLANI!H123 -> PSY 484 | F5: =DERS_PLANI!H135 -> PSY 322
A6: 12:10-13:00 | B6: =DERS_PLANI!H88 -> POLS 264 (Dr. Balcı) | C6: =DERS_PLANI!H100 -> ENG 102 - 03 (ITBF) | D6: =DERS_PLANI!H112 -> PSİ 483 | E6: =DERS_PLANI!H124 -> YBS 354 DİJİTAL PAZARLAMA DR. NESLİHAN KÜNYE POLAT | F6: =DERS_PLANI!H136 -> 0
A7: 13:10-14:00 | B7: =DERS_PLANI!H89 -> POLS 264 (Dr. Balcı) | C7: =DERS_PLANI!H101 -> ENG 102 - 03 (ITBF) | D7: =DERS_PLANI!H113 -> PSİ 483 | E7: =DERS_PLANI!H125 -> YBS 354 DİJİTAL PAZARLAMA DR. NESLİHAN KÜNYE POLAT | F7: =DERS_PLANI!H137 -> 0
A8: 14:10-15:00 | B8: =DERS_PLANI!H90 -> POLS 264 (Dr. Balcı) | C8: =DERS_PLANI!H102 -> 0 | D8: =DERS_PLANI!H114 -> PSİ 483 | E8: =DERS_PLANI!H126 -> YBS 354 DİJİTAL PAZARLAMA DR. NESLİHAN KÜNYE POLAT | F8: =DERS_PLANI!H138 -> ENG 102 - 02 (PSY)
A9: 15:10-16:00 | B9: =DERS_PLANI!H91 -> CMM 178 | C9: =DERS_PLANI!H103 -> PSY 342 | D9: =DERS_PLANI!H115 -> PSİ 102 | E9: =DERS_PLANI!H127 -> 0 | F9: =DERS_PLANI!H139 -> ENG 102 - 02 ( PSY)
A10: 16:10-17:00 | B10: =DERS_PLANI!H92 -> CMM 178 | C10: =DERS_PLANI!H104 -> PSY 342 | D10: =DERS_PLANI!H116 -> PSİ 102 | E10: =DERS_PLANI!H128 -> 0 | F10: =DERS_PLANI!H140 -> 0
A11: 17:10-18:00 | B11: =DERS_PLANI!H93 -> CMM 178 | C11: =DERS_PLANI!H105 -> PSY 342 | D11: =DERS_PLANI!H117 -> PSİ 102 | E11: =DERS_PLANI!H129 -> 0 | F11: =DERS_PLANI!H141 -> 0
A12: 18:10 -19:00 | B12: =DERS_PLANI!H94 -> 0 | C12: =DERS_PLANI!H106 -> 0 | D12: =DERS_PLANI!H118 -> 0 | E12: =DERS_PLANI!H130 -> 0 | F12: =DERS_PLANI!H142 -> 0
A13: 19:10 - 20:00 | B13: =DERS_PLANI!H95 -> 0 | C13: =DERS_PLANI!H107 -> 0 | D13: =DERS_PLANI!H119 -> 0 | E13: =DERS_PLANI!H131 -> 0 | F13: =DERS_PLANI!H143 -> 0
A14: 20:10 - 21:00 | B14: =DERS_PLANI!H96 -> 0 | C14: =DERS_PLANI!H108 -> 0 | D14: =DERS_PLANI!H120 -> 0 | E14: =DERS_PLANI!H132 -> 0 | F14: =DERS_PLANI!H144 -> 0

Sheet C 103
A1: C-103
A2: Saat/Gün | B2: Pazartesi | C2: Salı | D2: Çarşamba | E2: Perşembe | F2: Cuma
A3: 09:10-10:00 | B3: =DERS_PLANI!G85 -> 0 | C3: =DERS_PLANI!G97 -> 0 | D3: =DERS_PLANI!G109 -> 0 | E3: =DERS_PLANI!G121 -> 0 | F3: =DERS_PLANI!G133 -> 0
A4: 10:10-11:00 | B4: =DERS_PLANI!G86 -> 0 | C4: =DERS_PLANI!G98 -> 0 | D4: =DERS_PLANI!G110 -> 0 | E4: =DERS_PLANI!G122 -> 0 | F4: =DERS_PLANI!G134 -> 0
A5: 11:10-12:00 | B5: =DERS_PLANI!G87 -> 0 | C5: =DERS_PLANI!G99 -> 0 | D5: =DERS_PLANI!G111 -> 0 | E5: =DERS_PLANI!G123 -> 0 | F5: =DERS_PLANI!G135 -> 0
A6: 12:10-13:00 | B6: =DERS_PLANI!G88 -> 0 | C6: =DERS_PLANI!G100 -> 0 | D6: =DERS_PLANI!G112 -> 0 | E6: =DERS_PLANI!G124 -> 0 | F6: =DERS_PLANI!G136 -> 0
A7: 13:10-14:00 | B7: =DERS_PLANI!G89 -> 0 | C7: =DERS_PLANI!G101 -> 0 | D7: =DERS_PLANI!G113 -> 0 | E7: =DERS_PLANI!G125 -> 0 | F7: =DERS_PLANI!G137 -> 0
A8: 14:10-15:00 | B8: =DERS_PLANI!G90 -> 0 | C8: =DERS_PLANI!G102 -> 0 | D8: =DERS_PLANI!G114 -> 0 | E8: =DERS_PLANI!G126 -> 0 | F8: =DERS_PLANI!G138 -> 0
A9: 15:10-16:00 | B9: =DERS_PLANI!G91 -> 0 | C9: =DERS_PLANI!G103 -> 0 | D9: =DERS_PLANI!G115 -> 0 | E9: =DERS_PLANI!G127 -> 0 | F9: =DERS_PLANI!G139 -> 0
A10: 16:10-17:00 | B10: =DERS_PLANI!G92 -> 0 | C10: =DERS_PLANI!G104 -> 0 | D10: =DERS_PLANI!G116 -> 0 | E10: =DERS_PLANI!G128 -> 0 | F10: =DERS_PLANI!G140 -> 0
A11: 17:10-18:00 | B11: =DERS_PLANI!G93 -> 0 | C11: =DERS_PLANI!G105 -> 0 | D11: =DERS_PLANI!G117 -> 0 | E11: =DERS_PLANI!G129 -> 0 | F11: =DERS_PLANI!G141 -> 0
A12: 18:10 -19:00 | B12: =DERS_PLANI!G94 -> 0 | C12: =DERS_PLANI!G106 -> 0 | D12: =DERS_PLANI!G118 -> 0 | E12: =DERS_PLANI!G130 -> 0 | F12: =DERS_PLANI!G142 -> 0
A13: 19:10 - 20:00 | B13: =DERS_PLANI!G95 -> 0 | C13: =DERS_PLANI!G107 -> 0 | D13: =DERS_PLANI!G119 -> 0 | E13: =DERS_PLANI!G131 -> 0 | F13: =DERS_PLANI!G143 -> 0
A14: 20:10 - 21:00 | B14: =DERS_PLANI!G96 -> 0 | C14: =DERS_PLANI!G108 -> 0 | D14: =DERS_PLANI!G120 -> 0 | E14: =DERS_PLANI!G132 -> 0 | F14: =DERS_PLANI!G144 -> 0

Sheet C 102
A1: C-102
A2: Saat/Gün | B2: Pazartesi | C2: Salı | D2: Çarşamba | E2: Perşembe | F2: Cuma
A3: 09:10-10:00 | B3: =DERS_PLANI!F85 -> 0 | C3: =DERS_PLANI!F97 -> 0 | D3: =DERS_PLANI!F109 -> 0 | E3: =DERS_PLANI!F121 -> 0 | F3: =DERS_PLANI!F133 -> 0
A4: 10:10-11:00 | B4: =DERS_PLANI!F86 -> 0 | C4: =DERS_PLANI!F98 -> 0 | D4: =DERS_PLANI!F110 -> 0 | E4: =DERS_PLANI!F122 -> 0 | F4: =DERS_PLANI!F134 -> 0
A5: 11:10-12:00 | B5: =DERS_PLANI!F87 -> 0 | C5: =DERS_PLANI!F99 -> 0 | D5: =DERS_PLANI!F111 -> 0 | E5: =DERS_PLANI!F123 -> 0 | F5: =DERS_PLANI!F135 -> 0
A6: 12:10-13:00 | B6: =DERS_PLANI!F88 -> 0 | C6: =DERS_PLANI!F100 -> 0 | D6: =DERS_PLANI!F112 -> NMC 206 | E6: =DERS_PLANI!F124 -> 0 | F6: =DERS_PLANI!F136 -> 0
A7: 13:10-14:00 | B7: =DERS_PLANI!F89 -> 0 | C7: =DERS_PLANI!F101 -> 0 | D7: =DERS_PLANI!F113 -> NMC 206 | E7: =DERS_PLANI!F125 -> 0 | F7: =DERS_PLANI!F137 -> 0
A8: 14:10-15:00 | B8: =DERS_PLANI!F90 -> FAD 464 | C8: =DERS_PLANI!F102 -> 0 | D8: =DERS_PLANI!F114 -> NMC 206 | E8: =DERS_PLANI!F126 -> NMC 204 | F8: =DERS_PLANI!F138 -> 0
A9: 15:10-16:00 | B9: =DERS_PLANI!F91 -> FAD 464 | C9: =DERS_PLANI!F103 -> 0 | D9: =DERS_PLANI!F115 -> FAD 106 | E9: =DERS_PLANI!F127 -> NMC 204 | F9: =DERS_PLANI!F139 -> 0
A10: 16:10-17:00 | B10: =DERS_PLANI!F92 -> FAD 464 | C10: =DERS_PLANI!F104 -> 0 | D10: =DERS_PLANI!F116 -> FAD 106 | E10: =DERS_PLANI!F128 -> NMC 204 | F10: =DERS_PLANI!F140 -> 0
A11: 17:10-18:00 | B11: =DERS_PLANI!F93 -> 0 | C11: =DERS_PLANI!F105 -> 0 | D11: =DERS_PLANI!F117 -> FAD 106 | E11: =DERS_PLANI!F129 -> 0 | F11: =DERS_PLANI!F141 -> 0
A12: 18:10 -19:00 | B12: =DERS_PLANI!F94 -> 0 | C12: =DERS_PLANI!F106 -> 0 | D12: =DERS_PLANI!F118 -> 0 | E12: =DERS_PLANI!F130 -> 0 | F12: =DERS_PLANI!F142 -> 0
A13: 19:10 - 20:00 | B13: =DERS_PLANI!F95 -> 0 | C13: =DERS_PLANI!F107 -> 0 | D13: =DERS_PLANI!F119 -> 0 | E13: =DERS_PLANI!F131 -> 0 | F13: =DERS_PLANI!F143 -> 0
A14: 20:10 - 21:00 | B14: =DERS_PLANI!F96 -> 0 | C14: =DERS_PLANI!F108 -> 0 | D14: =DERS_PLANI!F120 -> 0 | E14: =DERS_PLANI!F132 -> 0 | F14: =DERS_PLANI!F144 -> 0

Sheet C 101
A1: C-101
A2: Saat/Gün | B2: Pazartesi | C2: Salı | D2: Çarşamba | E2: Perşembe | F2: Cuma
A3: 09:10-10:00 | B3: =DERS_PLANI!E85 -> 0 | C3: =DERS_PLANI!E97 -> HUK414 | D3: =DERS_PLANI!E109 -> HUK114 | E3: =DERS_PLANI!E121 -> 0 | F3: =DERS_PLANI!E133 -> 0
A4: 10:10-11:00 | B4: =DERS_PLANI!E86 -> 0 | C4: =DERS_PLANI!E98 -> HUK414 | D4: =DERS_PLANI!E110 -> HUK114 | E4: =DERS_PLANI!E122 -> 0 | F4: =DERS_PLANI!E134 -> 0
A5: 11:10-12:00 | B5: =DERS_PLANI!E87 -> 0 | C5: =DERS_PLANI!E99 -> HUK414 | D5: =DERS_PLANI!E111 -> HUK114 | E5: =DERS_PLANI!E123 -> 0 | F5: =DERS_PLANI!E135 -> 0
A6: 12:10-13:00 | B6: =DERS_PLANI!E88 -> 0 | C6: =DERS_PLANI!E100 -> 0 | D6: =DERS_PLANI!E112 -> 0 | E6: =DERS_PLANI!E124 -> 0 | F6: =DERS_PLANI!E136 -> 0
A7: 13:10-14:00 | B7: =DERS_PLANI!E89 -> 0 | C7: =DERS_PLANI!E101 -> HUK404 | D7: =DERS_PLANI!E113 -> HUK412 | E7: =DERS_PLANI!E125 -> SEC306 | F7: =DERS_PLANI!E137 -> 0
A8: 14:10-15:00 | B8: =DERS_PLANI!E90 -> 0 | C8: =DERS_PLANI!E102 -> HUK404 | D8: =DERS_PLANI!E114 -> HUK412 | E8: =DERS_PLANI!E126 -> SEC306 | F8: =DERS_PLANI!E138 -> 0
A9: 15:10-16:00 | B9: =DERS_PLANI!E91 -> 0 | C9: =DERS_PLANI!E103 -> HUK404 | D9: =DERS_PLANI!E115 -> HUK412 | E9: =DERS_PLANI!E127 -> SEC319 | F9: =DERS_PLANI!E139 -> 0
A10: 16:10-17:00 | B10: =DERS_PLANI!E92 -> 0 | C10: =DERS_PLANI!E104 -> 0 | D10: =DERS_PLANI!E116 -> 0 | E10: =DERS_PLANI!E128 -> SEC319 | F10: =DERS_PLANI!E140 -> 0
A11: 17:10-18:00 | B11: =DERS_PLANI!E93 -> 0 | C11: =DERS_PLANI!E105 -> 0 | D11: =DERS_PLANI!E117 -> 0 | E11: =DERS_PLANI!E129 -> 0 | F11: =DERS_PLANI!E141 -> 0
A12: 18:10 -19:00 | B12: =DERS_PLANI!E94 -> 0 | C12: =DERS_PLANI!E106 -> 0 | D12: =DERS_PLANI!E118 -> 0 | E12: =DERS_PLANI!E130 -> 0 | F12: =DERS_PLANI!E142 -> 0
A13: 19:10 - 20:00 | B13: =DERS_PLANI!E95 -> 0 | C13: =DERS_PLANI!E107 -> 0 | D13: =DERS_PLANI!E119 -> 0 | E13: =DERS_PLANI!E131 -> 0 | F13: =DERS_PLANI!E143 -> 0
A14: 20:10 - 21:00 | B14: =DERS_PLANI!E96 -> 0 | C14: =DERS_PLANI!E108 -> 0 | D14: =DERS_PLANI!E120 -> 0 | E14: =DERS_PLANI!E132 -> 0 | F14: =DERS_PLANI!E144 -> 0

Sheet Amfi-1
A1: AMFİ-1
A2: Saat/Gün | B2: Pazartesi | C2: Salı | D2: Çarşamba | E2: Perşembe | F2: Cuma
A3: 09:10-10:00 | B3: =DERS_PLANI!T8 -> 0 | C3: =DERS_PLANI!T20 -> MATH 102 (Teorik) - Sec 1 (Osman Tuncay Başkaya) | D3: =DERS_PLANI!T32 -> 0 | E3: =DERS_PLANI!T44 -> MATH 102 (Teorik) - Sec 2(Osman Tuncay Başkaya) | F3: =DERS_PLANI!T56 -> MATH 102 (Teorik) - Sec 3 (Mustafa Akkaya)
A4: 10:10-11:00 | B4: =DERS_PLANI!T9 -> MATH 101 (Teorik) - Sec 1 (Mustafa Akkaya) | C4: =DERS_PLANI!T21 -> MATH 102 (Teorik) - Sec 1 (Osman Tuncay Başkaya) | D4: =DERS_PLANI!T33 -> 0 | E4: =DERS_PLANI!T45 -> MATH 102 (Teorik) - Sec 2(Osman Tuncay Başkaya) | F4: =DERS_PLANI!T57 -> MATH 102 (Teorik) - Sec 3 (Mustafa Akkaya)
A5: 11:10-12:00 | B5: =DERS_PLANI!T10 -> MATH 101 (Teorik) - Sec 1 (Mustafa Akkaya) | C5: =DERS_PLANI!T22 -> 0 | D5: =DERS_PLANI!T34 -> 0 | E5: =DERS_PLANI!T46 -> 0 | F5: =DERS_PLANI!T58 -> 0
A6: 12:10-13:00 | B6: =DERS_PLANI!T11 -> Protokol Eğitimi | C6: =DERS_PLANI!T23 -> PHY 102 (Teorik) - Sec 3(Vedat Tanrıverdi) | D6: =DERS_PLANI!T35 -> 0 | E6: =DERS_PLANI!T47 -> PHY 102 (Teorik) - Sec 1(Vedat Tanrıverdi) | F6: =DERS_PLANI!T59 -> 0
A7: 13:10-14:00 | B7: =DERS_PLANI!T12 -> Protokol Eğitimi | C7: =DERS_PLANI!T24 -> PHY 102 (Teorik) - Sec 3(Vedat Tanrıverdi) | D7: =DERS_PLANI!T36 -> MATH 101 (Teorik) - Sec 1(Mustafa Akkaya) | E7: =DERS_PLANI!T48 -> PHY 102 (Teorik) - Sec 1(Vedat Tanrıverdi) | F7: =DERS_PLANI!T60 -> 0
A8: 14:10-15:00 | B8: =DERS_PLANI!T13 -> Protokol Eğitimi | C8: =DERS_PLANI!T25 -> PHY 102 (Teorik) - Sec 3(Vedat Tanrıverdi) | D8: =DERS_PLANI!T37 -> MATH 101 (Teorik) - Sec 1(Mustafa Akkaya) | E8: =DERS_PLANI!T49 -> PHY 102 (Teorik) - Sec 1(Vedat Tanrıverdi) | F8: =DERS_PLANI!T61 -> 0
A9: 15:10-16:00 | B9: =DERS_PLANI!T14 -> Protokol Eğitimi | C9: =DERS_PLANI!T26 -> MATH 102 (Teorik) - Sec 2 (Osman Tuncay Başkaya) | D9: =DERS_PLANI!T38 -> MYO - IHA102 İTKİ SİSTEMİ SEÇİMİ VE TASARIMI | E9: =DERS_PLANI!T50 -> MATH 102 (Teorik) - Sec 1(Osman Tuncay Başkaya) | F9: =DERS_PLANI!T62 -> PHY 102 (Teorik) - Sec 2(Vedat Tanrıverdi)
A10: 16:10-17:00 | B10: =DERS_PLANI!T15 -> MATH 102 (Teorik) - Sec 3 (Mustafa Akkaya) | C10: =DERS_PLANI!T27 -> MATH 102 (Teorik) - Sec 2 (Osman Tuncay Başkaya) | D10: =DERS_PLANI!T39 -> MYO - IHA102 İTKİ SİSTEMİ SEÇİMİ VE TASARIMI | E10: =DERS_PLANI!T51 -> MATH 102 (Teorik) - Sec 1(Osman Tuncay Başkaya) | F10: =DERS_PLANI!T63 -> PHY 102 (Teorik) - Sec 2(Vedat Tanrıverdi)
A11: 17:10-18:00 | B11: =DERS_PLANI!T16 -> MATH 102 (Teorik) - Sec 3 (Mustafa Akkaya) | C11: =DERS_PLANI!T28 -> 0 | D11: =DERS_PLANI!T40 -> MYO - IHA102 İTKİ SİSTEMİ SEÇİMİ VE TASARIMI | E11: =DERS_PLANI!T52 -> 0 | F11: =DERS_PLANI!T64 -> PHY 102 (Teorik) - Sec 2(Vedat Tanrıverdi)
A12: 18:10 -19:00 | B12: =DERS_PLANI!T17 -> 0 | C12: =DERS_PLANI!T29 -> 0 | D12: =DERS_PLANI!T41 -> 0 | E12: =DERS_PLANI!T53 -> 0 | F12: =DERS_PLANI!T65 -> 0
A13: 19:10 - 20:00 | B13: =DERS_PLANI!T18 -> 0 | C13: =DERS_PLANI!T30 -> 0 | D13: =DERS_PLANI!T42 -> 0 | E13: =DERS_PLANI!T54 -> 0 | F13: =DERS_PLANI!T66 -> 0
A14: 20:10 - 21:00 | B14: =DERS_PLANI!T19 -> 0 | C14: =DERS_PLANI!T31 -> 0 | D14: =DERS_PLANI!T43 -> 0 | E14: =DERS_PLANI!T55 -> 0 | F14: =DERS_PLANI!T67 -> 0

Sheet Amfi-2
A1: AMFİ-2
A2: Saat/Gün | B2: Pazartesi | C2: Salı | D2: Çarşamba | E2: Perşembe | F2: Cuma
A3: 09:10-10:00 | B3: =DERS_PLANI!S8 -> 0 | C3: =DERS_PLANI!S20 -> 0 | D3: =DERS_PLANI!S32 -> 0 | E3: =DERS_PLANI!S44 -> FAD 104 | F3: =DERS_PLANI!S56 -> FAD 330
A4: 10:10-11:00 | B4: =DERS_PLANI!S9 -> 0 | C4: =DERS_PLANI!S21 -> FAD 320 | D4: =DERS_PLANI!S33 -> 0 | E4: =DERS_PLANI!S45 -> FAD 104 | F4: =DERS_PLANI!S57 -> FAD 330
A5: 11:10-12:00 | B5: =DERS_PLANI!S10 -> 0 | C5: =DERS_PLANI!S22 -> FAD 320 | D5: =DERS_PLANI!S34 -> 0 | E5: =DERS_PLANI!S46 -> FAD 104 | F5: =DERS_PLANI!S58 -> FAD 330
A6: 12:10-13:00 | B6: =DERS_PLANI!S11 -> 0 | C6: =DERS_PLANI!S23 -> FAD 320 | D6: =DERS_PLANI!S35 -> PSY 109 | E6: =DERS_PLANI!S47 -> FAD 104 | F6: =DERS_PLANI!S59 -> FAD 330
A7: 13:10-14:00 | B7: =DERS_PLANI!S12 -> FAD 110 | C7: =DERS_PLANI!S24 -> 0 | D7: =DERS_PLANI!S36 -> PSY 109 | E7: =DERS_PLANI!S48 -> FLM 206 | F7: =DERS_PLANI!S60 -> 0
A8: 14:10-15:00 | B8: =DERS_PLANI!S13 -> FAD 110 | C8: =DERS_PLANI!S25 -> 0 | D8: =DERS_PLANI!S37 -> PSY 109 | E8: =DERS_PLANI!S49 -> FLM 206 | F8: =DERS_PLANI!S61 -> 0
A9: 15:10-16:00 | B9: =DERS_PLANI!S14 -> FAD 110 | C9: =DERS_PLANI!S26 -> FAD 332 | D9: =DERS_PLANI!S38 -> 0 | E9: =DERS_PLANI!S50 -> FLM 206 | F9: =DERS_PLANI!S62 -> 0
A10: 16:10-17:00 | B10: =DERS_PLANI!S15 -> 0 | C10: =DERS_PLANI!S27 -> FAD 332 | D10: =DERS_PLANI!S39 -> 0 | E10: =DERS_PLANI!S51 -> FLM 206 | F10: =DERS_PLANI!S63 -> 0
A11: 17:10-18:00 | B11: =DERS_PLANI!S16 -> 0 | C11: =DERS_PLANI!S28 -> FAD 332 | D11: =DERS_PLANI!S40 -> 0 | E11: =DERS_PLANI!S52 -> 0 | F11: =DERS_PLANI!S64 -> 0
A12: 18:10 -19:00 | B12: =DERS_PLANI!S17 -> 0 | C12: =DERS_PLANI!S29 -> 0 | D12: =DERS_PLANI!S41 -> 0 | E12: =DERS_PLANI!S53 -> 0 | F12: =DERS_PLANI!S65 -> 0
A13: 19:10 - 20:00 | B13: =DERS_PLANI!S18 -> 0 | C13: =DERS_PLANI!S30 -> 0 | D13: =DERS_PLANI!S42 -> 0 | E13: =DERS_PLANI!S54 -> 0 | F13: =DERS_PLANI!S66 -> 0
A14: 20:10 - 21:00 | B14: =DERS_PLANI!S19 -> 0 | C14: =DERS_PLANI!S31 -> 0 | D14: =DERS_PLANI!S43 -> 0 | E14: =DERS_PLANI!S55 -> 0 | F14: =DERS_PLANI!S67 -> 0

Sheet Amfi-3
A1: AMFİ-3
A2: Saat/Gün | B2: Pazartesi | C2: Salı | D2: Çarşamba | E2: Perşembe | F2: Cuma
A3: 09:10-10:00 | B3: =DERS_PLANI!R8 -> 0 | C3: =DERS_PLANI!R20 -> HUK414 | D3: =DERS_PLANI!R32 -> HUK408 | E3: =DERS_PLANI!R44 -> 0 | F3: =DERS_PLANI!R56 -> 0
A4: 10:10-11:00 | B4: =DERS_PLANI!R9 -> 0 | C4: =DERS_PLANI!R21 -> HUK414 | D4: =DERS_PLANI!R33 -> HUK408 | E4: =DERS_PLANI!R45 -> HUK410 | F4: =DERS_PLANI!R57 -> 0
A5: 11:10-12:00 | B5: =DERS_PLANI!R10 -> 0 | C5: =DERS_PLANI!R22 -> HUK414 | D5: =DERS_PLANI!R34 -> HUK408 | E5: =DERS_PLANI!R46 -> HUK410 | F5: =DERS_PLANI!R58 -> 0
A6: 12:10-13:00 | B6: =DERS_PLANI!R11 -> YBS 457 TEDARİK ZİNCİRİ YÖNETİMİ DR. ADİL AKKUŞ | C6: =DERS_PLANI!R23 -> 0 | D6: =DERS_PLANI!R35 -> 0 | E6: =DERS_PLANI!R47 -> 0 | F6: =DERS_PLANI!R59 -> 0
A7: 13:10-14:00 | B7: =DERS_PLANI!R12 -> YBS 457 TEDARİK ZİNCİRİ YÖNETİMİ DR. ADİL AKKUŞ | C7: =DERS_PLANI!R24 -> HUK404 | D7: =DERS_PLANI!R36 -> HUK412 | E7: =DERS_PLANI!R48 -> OC Hakikat | F7: =DERS_PLANI!R60 -> 0
A8: 14:10-15:00 | B8: =DERS_PLANI!R13 -> YBS 457 TEDARİK ZİNCİRİ YÖNETİMİ DR. ADİL AKKUŞ | C8: =DERS_PLANI!R25 -> HUK404 | D8: =DERS_PLANI!R37 -> HUK412 | E8: =DERS_PLANI!R49 -> 0 | F8: =DERS_PLANI!R61 -> 0
A9: 15:10-16:00 | B9: =DERS_PLANI!R14 -> 0 | C9: =DERS_PLANI!R26 -> HUK404 | D9: =DERS_PLANI!R38 -> HUK412 | E9: =DERS_PLANI!R50 -> 0 | F9: =DERS_PLANI!R62 -> 0
A10: 16:10-17:00 | B10: =DERS_PLANI!R15 -> 0 | C10: =DERS_PLANI!R27 -> 0 | D10: =DERS_PLANI!R39 -> 0 | E10: =DERS_PLANI!R51 -> 0 | F10: =DERS_PLANI!R63 -> 0
A11: 17:10-18:00 | B11: =DERS_PLANI!R16 -> 0 | C11: =DERS_PLANI!R28 -> 0 | D11: =DERS_PLANI!R40 -> 0 | E11: =DERS_PLANI!R52 -> 0 | F11: =DERS_PLANI!R64 -> 0
A12: 18:10 -19:00 | B12: =DERS_PLANI!R17 -> 0 | C12: =DERS_PLANI!R29 -> 0 | D12: =DERS_PLANI!R41 -> 0 | E12: =DERS_PLANI!R53 -> 0 | F12: =DERS_PLANI!R65 -> 0
A13: 19:10 - 20:00 | B13: =DERS_PLANI!R18 -> 0 | C13: =DERS_PLANI!R30 -> 0 | D13: =DERS_PLANI!R42 -> 0 | E13: =DERS_PLANI!R54 -> 0 | F13: =DERS_PLANI!R66 -> 0
A14: 20:10 - 21:00 | B14: =DERS_PLANI!R19 -> 0 | C14: =DERS_PLANI!R31 -> 0 | D14: =DERS_PLANI!R43 -> 0 | E14: =DERS_PLANI!R55 -> 0 | F14: =DERS_PLANI!R67 -> 0

Sheet Amfi-4
A1: AMFİ-4
A2: Saat/Gün | B2: Pazartesi | C2: Salı | D2: Çarşamba | E2: Perşembe | F2: Cuma
A3: 09:10-10:00 | B3: =DERS_PLANI!Q8 -> 0 | C3: =DERS_PLANI!Q20 -> 0 | D3: =DERS_PLANI!Q32 -> 0 | E3: =DERS_PLANI!Q44 -> 0 | F3: =DERS_PLANI!Q56 -> 0
A4: 10:10-11:00 | B4: =DERS_PLANI!Q9 -> MYO IHA104 İHA SİSTEMLERİ ÜRETİM VE TESTLERİ | C4: =DERS_PLANI!Q21 -> 0 | D4: =DERS_PLANI!Q33 -> 0 | E4: =DERS_PLANI!Q45 -> 0 | F4: =DERS_PLANI!Q57 -> 0
A5: 11:10-12:00 | B5: =DERS_PLANI!Q10 -> MYO IHA104 İHA SİSTEMLERİ ÜRETİM VE TESTLERİ | C5: =DERS_PLANI!Q22 -> 0 | D5: =DERS_PLANI!Q34 -> 0 | E5: =DERS_PLANI!Q46 -> 0 | F5: =DERS_PLANI!Q58 -> 0
A6: 12:10-13:00 | B6: =DERS_PLANI!Q11 -> MYO IHA104 İHA SİSTEMLERİ ÜRETİM VE TESTLERİ | C6: =DERS_PLANI!Q23 -> ETI 104 (Dr. Akbay) | D6: =DERS_PLANI!Q35 -> FLM 302 | E6: =DERS_PLANI!Q47 -> 0 | F6: =DERS_PLANI!Q59 -> 0
A7: 13:10-14:00 | B7: =DERS_PLANI!Q12 -> MYO IHA104 İHA SİSTEMLERİ ÜRETİM VE TESTLERİ | C7: =DERS_PLANI!Q24 -> ETI 104 (Dr. Akbay) | D7: =DERS_PLANI!Q36 -> FLM 302 | E7: =DERS_PLANI!Q48 -> 0 | F7: =DERS_PLANI!Q60 -> 0
A8: 14:10-15:00 | B8: =DERS_PLANI!Q13 -> 0 | C8: =DERS_PLANI!Q25 -> ETI 104 (Dr. Akbay) | D8: =DERS_PLANI!Q37 -> FLM 302 | E8: =DERS_PLANI!Q49 -> 0 | F8: =DERS_PLANI!Q61 -> 0
A9: 15:10-16:00 | B9: =DERS_PLANI!Q14 -> 0 | C9: =DERS_PLANI!Q26 -> 0 | D9: =DERS_PLANI!Q38 -> 0 | E9: =DERS_PLANI!#REF! -> #REF! | F9: =DERS_PLANI!Q62 -> 0
A10: 16:10-17:00 | B10: =DERS_PLANI!Q15 -> 0 | C10: =DERS_PLANI!Q27 -> 0 | D10: =DERS_PLANI!Q39 -> 0 | E10: =DERS_PLANI!#REF! -> #REF! | F10: =DERS_PLANI!Q63 -> 0
A11: 17:10-18:00 | B11: =DERS_PLANI!Q16 -> 0 | C11: =DERS_PLANI!Q28 -> 0 | D11: =DERS_PLANI!Q40 -> 0 | E11: =DERS_PLANI!#REF! -> #REF! | F11: =DERS_PLANI!Q64 -> 0
A12: 18:10 -19:00 | B12: =DERS_PLANI!Q17 -> 0 | C12: =DERS_PLANI!Q29 -> 0 | D12: =DERS_PLANI!Q41 -> 0 | E12: =DERS_PLANI!Q53 -> 0 | F12: =DERS_PLANI!Q65 -> 0
A13: 19:10 - 20:00 | B13: =DERS_PLANI!Q18 -> 0 | C13: =DERS_PLANI!Q30 -> 0 | D13: =DERS_PLANI!Q42 -> 0 | E13: =DERS_PLANI!Q54 -> 0 | F13: =DERS_PLANI!Q66 -> 0
A14: 20:10 - 21:00 | B14: =DERS_PLANI!Q19 -> 0 | C14: =DERS_PLANI!Q31 -> 0 | D14: =DERS_PLANI!Q43 -> 0 | E14: =DERS_PLANI!Q55 -> 0 | F14: =DERS_PLANI!Q67 -> 0

Sheet C 233
A1: C-233
A2: Saat/Gün | B2: Pazartesi | C2: Salı | D2: Çarşamba | E2: Perşembe | F2: Cuma
A3: 09:10-10:00 | B3: =DERS_PLANI!P8 -> 0 | C3: =DERS_PLANI!P20 -> 0 | D3: =DERS_PLANI!P32 -> ETI 202 (Dr. Acar) | E3: =DERS_PLANI!P44 -> 0 | F3: =DERS_PLANI!P56 -> MIS 232 (Dr. Sarı)
A4: 10:10-11:00 | B4: =DERS_PLANI!P9 -> 0 | C4: =DERS_PLANI!P21 -> 0 | D4: =DERS_PLANI!P33 -> ETI 202 (Dr. Acar) | E4: =DERS_PLANI!P45 -> 0 | F4: =DERS_PLANI!P57 -> MIS 232 (Dr. Sarı)
A5: 11:10-12:00 | B5: =DERS_PLANI!P10 -> 0 | C5: =DERS_PLANI!P22 -> 0 | D5: =DERS_PLANI!P34 -> ETI 202 (Dr. Acar) | E5: =DERS_PLANI!P46 -> 0 | F5: =DERS_PLANI!P58 -> MIS 232 (Dr. Sarı)
A6: 12:10-13:00 | B6: =DERS_PLANI!P11 -> ETI 264 (Doç. Düzgün) | C6: =DERS_PLANI!P23 -> CMM 202 Technical Communication & Project Design | D6: =DERS_PLANI!P35 -> ENG 302 - 01 (PSY.) | E6: =DERS_PLANI!P47 -> MIS 212 (Dr. Özgül) | F6: =DERS_PLANI!P59 -> 0
A7: 13:10-14:00 | B7: =DERS_PLANI!P12 -> ETI 264 (Doç. Düzgün) | C7: =DERS_PLANI!P24 -> CMM 202 Technical Communication & Project Design | D7: =DERS_PLANI!P36 -> ENG 302 - 01 (PSY.) | E7: =DERS_PLANI!P48 -> MIS 212 (Dr. Özgül) | F7: =DERS_PLANI!P60 -> 0
A8: 14:10-15:00 | B8: =DERS_PLANI!P13 -> ETI 264 (Doç. Düzgün) | C8: =DERS_PLANI!P25 -> CMM 202 Technical Communication & Project Design | D8: =DERS_PLANI!P37 -> 0 | E8: =DERS_PLANI!P49 -> MIS 212 (Dr. Özgül) | F8: =DERS_PLANI!P61 -> 0
A9: 15:10-16:00 | B9: =DERS_PLANI!P14 -> MIS 251 Dr. Koçanlı | C9: =DERS_PLANI!P26 -> 0 | D9: =DERS_PLANI!P38 -> 0 | E9: =DERS_PLANI!P50 -> ETI 212 (Dr. Saki Demirel) | F9: =DERS_PLANI!P62 -> MIS 468 (Dr. Erek)
A10: 16:10-17:00 | B10: =DERS_PLANI!P15 -> MIS 251 Dr. Koçanlı | C10: =DERS_PLANI!P27 -> 0 | D10: =DERS_PLANI!P39 -> 0 | E10: =DERS_PLANI!P51 -> ETI 212 (Dr. Saki Demirel) | F10: =DERS_PLANI!P63 -> MIS 468 (Dr. Erek)
A11: 17:10-18:00 | B11: =DERS_PLANI!P16 -> MIS 251 Dr. Koçanlı | C11: =DERS_PLANI!P28 -> 0 | D11: =DERS_PLANI!P40 -> 0 | E11: =DERS_PLANI!P52 -> ETI 212 (Dr. Saki Demirel) | F11: =DERS_PLANI!P64 -> MIS 468 (Dr. Erek)
A12: 18:10 -19:00 | B12: =DERS_PLANI!P17 -> 0 | C12: =DERS_PLANI!P29 -> 0 | D12: =DERS_PLANI!P41 -> 0 | E12: =DERS_PLANI!P53 -> 0 | F12: =DERS_PLANI!P65 -> 0
A13: 19:10 - 20:00 | B13: =DERS_PLANI!P18 -> 0 | C13: =DERS_PLANI!P30 -> 0 | D13: =DERS_PLANI!P42 -> 0 | E13: =DERS_PLANI!P54 -> 0 | F13: =DERS_PLANI!P66 -> 0
A14: 20:10 - 21:00 | B14: =DERS_PLANI!P19 -> 0 | C14: =DERS_PLANI!P31 -> 0 | D14: =DERS_PLANI!P43 -> 0 | E14: =DERS_PLANI!P55 -> 0 | F14: =DERS_PLANI!P67 -> 0

Sheet C 232
A1: C-232
A2: Saat/Gün | B2: Pazartesi | C2: Salı | D2: Çarşamba | E2: Perşembe | F2: Cuma
A3: 09:10-10:00 | B3: =DERS_PLANI!O8 -> ETI 112 (Dr. Acar) | C3: =DERS_PLANI!O20 -> BUS 104 (Prof. Eren) | D3: =DERS_PLANI!O32 -> MIS 457 (Prof. Meydan) | E3: =DERS_PLANI!O44 -> YBS 212 Dr. Aykaç | F3: =DERS_PLANI!O56 -> POLS 106 (Prof. Osra)
A4: 10:10-11:00 | B4: =DERS_PLANI!O9 -> ETI 112 (Dr. Acar) | C4: =DERS_PLANI!O21 -> BUS 104 (Prof. Eren) | D4: =DERS_PLANI!O33 -> MIS 457 (Prof. Meydan) | E4: =DERS_PLANI!O45 -> YBS 212 Dr. Aykaç | F4: =DERS_PLANI!O57 -> POLS 106 (Prof. Osra)
A5: 11:10-12:00 | B5: =DERS_PLANI!O10 -> ETI 112 (Dr. Acar) | C5: =DERS_PLANI!O22 -> BUS 104 (Prof. Eren) | D5: =DERS_PLANI!O34 -> MIS 457 (Prof. Meydan) | E5: =DERS_PLANI!O46 -> YBS 212 Dr. Aykaç | F5: =DERS_PLANI!O58 -> POLS 106 (Prof. Osra)
A6: 12:10-13:00 | B6: =DERS_PLANI!O11 -> ETI 110 (Dr. Akbay) | C6: =DERS_PLANI!M23 -> YBS 322 KARAR DESTEK SİSTEMLERİ DR. FATMA DEMİR ERKUL | D6: =DERS_PLANI!O35 -> MIS 112 (Prof. Meydan) | E6: =DERS_PLANI!O47 -> YBS 232 AĞ GÜVENLİĞİ A.SAMET YÜZLÜ | F6: =DERS_PLANI!O59 -> 0
A7: 13:10-14:00 | B7: =DERS_PLANI!O12 -> ETI 110 (Dr. Akbay) | C7: =DERS_PLANI!M24 -> YBS 322 KARAR DESTEK SİSTEMLERİ DR. FATMA DEMİR ERKUL | D7: =DERS_PLANI!O36 -> MIS 112 (Prof. Meydan) | E7: =DERS_PLANI!O48 -> YBS 232 AĞ GÜVENLİĞİ A.SAMET YÜZLÜ | F7: =DERS_PLANI!O60 -> 0
A8: 14:10-15:00 | B8: =DERS_PLANI!O13 -> ETI 110 (Dr. Akbay) | C8: =DERS_PLANI!M25 -> YBS 322 KARAR DESTEK SİSTEMLERİ DR. FATMA DEMİR ERKUL | D8: =DERS_PLANI!O37 -> MIS 112 (Prof. Meydan) | E8: =DERS_PLANI!O49 -> YBS 232 AĞ GÜVENLİĞİ A.SAMET YÜZLÜ | F8: =DERS_PLANI!O61 -> 0
A9: 15:10-16:00 | B9: =DERS_PLANI!O14 -> 0 | C9: =DERS_PLANI!O26 -> 0 | D9: =DERS_PLANI!#REF! -> #REF! | E9: =DERS_PLANI!O50 -> YBS 222 OLASILIK VE İSTATİSTİK II DR. M.ALPER AKDEMİR | F9: =DERS_PLANI!O62 -> YBS 242 YBS İÇİN VERİ TABANI DR. GÜLÇİN ADIYAMAN
A10: 16:10-17:00 | B10: =DERS_PLANI!O15 -> 0 | C10: =DERS_PLANI!O27 -> 0 | D10: =DERS_PLANI!#REF! -> #REF! | E10: =DERS_PLANI!O51 -> YBS 222 OLASILIK VE İSTATİSTİK II DR. M.ALPER AKDEMİR | F10: =DERS_PLANI!O63 -> YBS 242 YBS İÇİN VERİ TABANI DR. GÜLÇİN ADIYAMAN
A11: 17:10-18:00 | B11: =DERS_PLANI!O16 -> 0 | C11: =DERS_PLANI!O28 -> 0 | D11: =DERS_PLANI!#REF! -> #REF! | E11: =DERS_PLANI!O52 -> YBS 222 OLASILIK VE İSTATİSTİK II DR. M.ALPER AKDEMİR | F11: =DERS_PLANI!O64 -> YBS 242 YBS İÇİN VERİ TABANI DR. GÜLÇİN ADIYAMAN
A12: 18:10 -19:00 | B12: =DERS_PLANI!O17 -> 0 | C12: =DERS_PLANI!O29 -> 0 | D12: =DERS_PLANI!O41 -> 0 | E12: =DERS_PLANI!O53 -> 0 | F12: =DERS_PLANI!O65 -> 0
A13: 19:10 - 20:00 | B13: =DERS_PLANI!O18 -> 0 | C13: =DERS_PLANI!O30 -> 0 | D13: =DERS_PLANI!O42 -> 0 | E13: =DERS_PLANI!O54 -> 0 | F13: =DERS_PLANI!O66 -> 0
A14: 20:10 - 21:00 | B14: =DERS_PLANI!O19 -> 0 | C14: =DERS_PLANI!O31 -> 0 | D14: =DERS_PLANI!O43 -> 0 | E14: =DERS_PLANI!O55 -> 0 | F14: =DERS_PLANI!O67 -> 0

Sheet C 231
A1: C-231
A2: Saat/Gün | B2: Pazartesi | C2: Salı | D2: Çarşamba | E2: Perşembe | F2: Cuma
A3: 09:10-10:00 | B3: =DERS_PLANI!N8 -> SEC329/CMM 329 | C3: =DERS_PLANI!N20 -> HUK304 | D3: =DERS_PLANI!N32 -> HUK312 | E3: =DERS_PLANI!N44 -> HUK316 | F3: =DERS_PLANI!N56 -> HUK302
A4: 10:10-11:00 | B4: =DERS_PLANI!N9 -> SEC329/CMM 329 | C4: =DERS_PLANI!N21 -> HUK304 | D4: =DERS_PLANI!N33 -> HUK312 | E4: =DERS_PLANI!N45 -> HUK316 | F4: =DERS_PLANI!N57 -> HUK302
A5: 11:10-12:00 | B5: =DERS_PLANI!N10 -> SEC329 | C5: =DERS_PLANI!N22 -> HUK304 | D5: =DERS_PLANI!N34 -> HUK312 | E5: =DERS_PLANI!N46 -> HUK316 | F5: =DERS_PLANI!N58 -> HUK302
A6: 12:10-13:00 | B6: =DERS_PLANI!N11 -> HUK306 | C6: =DERS_PLANI!N23 -> HUK308 | D6: =DERS_PLANI!N35 -> HUK312 | E6: =DERS_PLANI!N47 -> OC 164 | F6: =DERS_PLANI!N59 -> HUK302
A7: 13:10-14:00 | B7: =DERS_PLANI!N12 -> HUK306 | C7: =DERS_PLANI!N24 -> HUK308 | D7: =DERS_PLANI!N36 -> OC 118 | E7: =DERS_PLANI!N48 -> HUK406 | F7: =DERS_PLANI!N60 -> SEC318
A8: 14:10-15:00 | B8: =DERS_PLANI!N13 -> HUK306 | C8: =DERS_PLANI!N25 -> HUK308 | D8: =DERS_PLANI!N37 -> HUK308 | E8: =DERS_PLANI!N49 -> HUK406 | F8: =DERS_PLANI!N61 -> SEC318
A9: 15:10-16:00 | B9: =DERS_PLANI!N14 -> HUK306 | C9: =DERS_PLANI!N26 -> 0 | D9: =DERS_PLANI!N38 -> HUK308 | E9: =DERS_PLANI!N50 -> HUK406 | F9: =DERS_PLANI!N62 -> SEC318
A10: 16:10-17:00 | B10: =DERS_PLANI!N15 -> HUK306 | C10: =DERS_PLANI!N27 -> 0 | D10: =DERS_PLANI!N39 -> 0 | E10: =DERS_PLANI!N51 -> 0 | F10: =DERS_PLANI!N63 -> 0
A11: 17:10-18:00 | B11: =DERS_PLANI!N16 -> 0 | C11: =DERS_PLANI!N28 -> 0 | D11: =DERS_PLANI!N40 -> 0 | E11: =DERS_PLANI!N52 -> 0 | F11: =DERS_PLANI!N64 -> 0
A12: 18:10 -19:00 | B12: =DERS_PLANI!N17 -> 0 | C12: =DERS_PLANI!N29 -> 0 | D12: =DERS_PLANI!N41 -> 0 | E12: =DERS_PLANI!N53 -> 0 | F12: =DERS_PLANI!N65 -> 0
A13: 19:10 - 20:00 | B13: =DERS_PLANI!N18 -> 0 | C13: =DERS_PLANI!N30 -> 0 | D13: =DERS_PLANI!N42 -> 0 | E13: =DERS_PLANI!N54 -> 0 | F13: =DERS_PLANI!N66 -> 0
A14: 20:10 - 21:00 | B14: =DERS_PLANI!N19 -> 0 | C14: =DERS_PLANI!N31 -> 0 | D14: =DERS_PLANI!N43 -> 0 | E14: =DERS_PLANI!N55 -> 0 | F14: =DERS_PLANI!N67 -> 0

Sheet C 230
A1: C-230
A2: Saat/Gün | B2: Pazartesi | C2: Salı | D2: Çarşamba | E2: Perşembe | F2: Cuma
A3: 09:10-10:00 | B3: =DERS_PLANI!M8 -> BUS 102 (Dr. Kalkan) | C3: =DERS_PLANI!O23 -> PSİ 480 (Dr. Yeşi Kocagazioğlu) | D3: =DERS_PLANI!M32 -> SOC 102 (Prof. Kes Erkul) | E3: =DERS_PLANI!M44 -> POLS 216 (Dr. Vural) | F3: =DERS_PLANI!M56 -> BUS 208 (Dr. Aykaç)
A4: 10:10-11:00 | B4: =DERS_PLANI!M9 -> BUS 102 (Dr. Kalkan) | C4: =DERS_PLANI!O24 -> PSİ 480 (Dr. Yeşi Kocagazioğlu) | D4: =DERS_PLANI!M33 -> SOC 102 (Prof. Kes Erkul) | E4: =DERS_PLANI!M45 -> POLS 216 (Dr. Vural) | F4: =DERS_PLANI!M57 -> BUS 208 (Dr. Aykaç)
A5: 11:10-12:00 | B5: =DERS_PLANI!M10 -> BUS 102 (Dr. Kalkan) | C5: =DERS_PLANI!O25 -> PSİ 480 (Dr. Yeşi Kocagazioğlu) | D5: =DERS_PLANI!M34 -> SOC 102 (Prof. Kes Erkul) | E5: =DERS_PLANI!M46 -> POLS 216 (Dr. Vural) | F5: =DERS_PLANI!M58 -> BUS 208 (Dr. Aykaç)
A6: 12:10-13:00 | B6: =DERS_PLANI!M11 -> 0 | C6: =DERS_PLANI!#REF! -> #REF! | D6: =DERS_PLANI!M35 -> ETI 376 (Dr. Acar) | E6: =DERS_PLANI!M47 -> ETI 316 (Dr. Saki Demirel) | F6: =DERS_PLANI!M59 -> 0
A7: 13:10-14:00 | B7: =DERS_PLANI!M12 -> 0 | C7: =DERS_PLANI!#REF! -> #REF! | D7: =DERS_PLANI!M36 -> ETI 376 (Dr. Acar) | E7: =DERS_PLANI!M48 -> ETI 316 (Dr. Saki Demirel) | F7: =DERS_PLANI!M60 -> 0
A8: 14:10-15:00 | B8: =DERS_PLANI!M13 -> 0 | C8: =DERS_PLANI!#REF! -> #REF! | D8: =DERS_PLANI!M37 -> ETI 376 (Dr. Acar) | E8: =DERS_PLANI!M49 -> ETI 316 (Dr. Saki Demirel) | F8: =DERS_PLANI!M61 -> POLS 108 (Dr. Balcı)
A9: 15:10-16:00 | B9: =DERS_PLANI!M14 -> 0 | C9: =DERS_PLANI!M26 -> 0 | D9: =DERS_PLANI!M38 -> POLS 214 (Dr. Değirmenci) | E9: =DERS_PLANI!M50 -> 0 | F9: =DERS_PLANI!M62 -> POLS 108 (Dr. Balcı)
A10: 16:10-17:00 | B10: =DERS_PLANI!M15 -> 0 | C10: =DERS_PLANI!M27 -> 0 | D10: =DERS_PLANI!M39 -> POLS 214 (Dr. Değirmenci) | E10: =DERS_PLANI!M51 -> 0 | F10: =DERS_PLANI!M63 -> POLS 108 (Dr. Balcı)
A11: 17:10-18:00 | B11: =DERS_PLANI!M16 -> 0 | C11: =DERS_PLANI!M28 -> 0 | D11: =DERS_PLANI!M40 -> POLS 214 (Dr. Değirmenci) | E11: =DERS_PLANI!M52 -> 0 | F11: =DERS_PLANI!M64 -> 0
A12: 18:10 -19:00 | B12: =DERS_PLANI!M17 -> YBS 504 (Dr. Akkuş) | C12: =DERS_PLANI!M29 -> CMM 900 Turkish for International Students | D12: =DERS_PLANI!M41 -> 0 | E12: =DERS_PLANI!M53 -> ISL 514 (Dr. Bağcı) | F12: =DERS_PLANI!M65 -> YBS 518 (Dr. Künye Polat)
A13: 19:10 - 20:00 | B13: =DERS_PLANI!M18 -> YBS 504 (Dr. Akkuş) | C13: =DERS_PLANI!M30 -> CMM 900 Turkish for International Students | D13: =DERS_PLANI!M42 -> 0 | E13: =DERS_PLANI!M54 -> ISL 514 (Dr. Bağcı) | F13: =DERS_PLANI!M66 -> YBS 518 (Dr. Künye Polat)
A14: 20:10 - 21:00 | B14: =DERS_PLANI!M19 -> YBS 504 (Dr. Akkuş) | C14: =DERS_PLANI!M31 -> CMM 900 Turkish for International Students | D14: =DERS_PLANI!M43 -> 0 | E14: =DERS_PLANI!M55 -> ISL 514 (Dr. Bağcı) | F14: =DERS_PLANI!M67 -> YBS 518 (Dr. Künye Polat)

Sheet C 229
A1: C-229
A2: Saat/Gün | B2: Pazartesi | C2: Salı | D2: Çarşamba | E2: Perşembe | F2: Cuma
A3: 09:10-10:00 | B3: =DERS_PLANI!L8 -> 0 | C3: =DERS_PLANI!L22 -> SPAN 302 | D3: =DERS_PLANI!L32 -> ETI 362 (Doç. Düzgün) | E3: =DERS_PLANI!L44 -> 0 | F3: =DERS_PLANI!L56 -> MIS 364 Multinational and National Statistical Systems
A4: 10:10-11:00 | B4: =DERS_PLANI!L9 -> 0 | C4: =DERS_PLANI!L23 -> ENG 202 - 02 (PSY) | D4: =DERS_PLANI!L33 -> ETI 362 (Doç. Düzgün) | E4: =DERS_PLANI!L45 -> HUK410 | F4: =DERS_PLANI!L57 -> MIS 364 Multinational and National Statistical Systems
A5: 11:10-12:00 | B5: =DERS_PLANI!L10 -> OC 160 Diplomasi Atölyesi | C5: =DERS_PLANI!L24 -> ENG 202 - 02 (PSY) | D5: =DERS_PLANI!L34 -> ETI 362 (Doç. Düzgün) | E5: =DERS_PLANI!L46 -> HUK410 | F5: =DERS_PLANI!L58 -> MIS 364 Multinational and National Statistical Systems
A6: 12:10-13:00 | B6: =DERS_PLANI!L11 -> SİMURG MASTERCLASS | C6: =DERS_PLANI!L25 -> 0 | D6: =DERS_PLANI!L35 -> ENG302-03 (TR YBS) | E6: =DERS_PLANI!L47 -> POLS 262 (Dr. Balcı) | F6: =DERS_PLANI!L59 -> PSY 342 (telafi)
A7: 13:10-14:00 | B7: =DERS_PLANI!L12 -> SİMURG MASTERCLASS | C7: =DERS_PLANI!L26 -> 0 | D7: =DERS_PLANI!L36 -> ENG302-03 (TR YBS) | E7: =DERS_PLANI!L48 -> POLS 262 (Dr. Balcı) | F7: =DERS_PLANI!L60 -> PSY 342 (telafi)
A8: 14:10-15:00 | B8: =DERS_PLANI!L13 -> SİMURG MASTERCLASS | C8: =DERS_PLANI!L27 -> 0 | D8: =DERS_PLANI!L37 -> 0 | E8: =DERS_PLANI!L49 -> POLS 262 (Dr. Balcı) | F8: =DERS_PLANI!L61 -> 0
A9: 15:10-16:00 | B9: =DERS_PLANI!L14 -> SİMURG MASTERCLASS | C9: =DERS_PLANI!L28 -> 0 | D9: =DERS_PLANI!L38 -> 0 | E9: =DERS_PLANI!L50 -> ETI 402 (Dr. Düzgün) | F9: =DERS_PLANI!L62 -> 0
A10: 16:10-17:00 | B10: =DERS_PLANI!L15 -> 0 | C10: =DERS_PLANI!L29 -> 0 | D10: =DERS_PLANI!L39 -> OC 166 Diksiyon | E10: =DERS_PLANI!L51 -> ETI 402 (Dr. Düzgün) | F10: =DERS_PLANI!L63 -> 0
A11: 17:10-18:00 | B11: =DERS_PLANI!L16 -> 0 | C11: =DERS_PLANI!L30 -> 0 | D11: =DERS_PLANI!L40 -> 0 | E11: =DERS_PLANI!L52 -> ETI 402 (Dr. Düzgün) | F11: =DERS_PLANI!L64 -> 0
A12: 18:10 -19:00 | B12: =DERS_PLANI!L17 -> 0 | C12: =DERS_PLANI!L31 -> 0 | D12: =DERS_PLANI!L41 -> 0 | E12: =DERS_PLANI!L53 -> 0 | F12: =DERS_PLANI!L65 -> 0
A13: 19:10 - 20:00 | B13: =DERS_PLANI!L18 -> 0 | C13: =DERS_PLANI!L32 -> ETI 362 (Doç. Düzgün) | D13: =DERS_PLANI!L42 -> 0 | E13: =DERS_PLANI!L54 -> 0 | F13: =DERS_PLANI!L66 -> 0
A14: 20:10 - 21:00 | B14: =DERS_PLANI!L19 -> 0 | C14: =DERS_PLANI!L33 -> ETI 362 (Doç. Düzgün) | D14: =DERS_PLANI!L43 -> 0 | E14: =DERS_PLANI!L55 -> 0 | F14: =DERS_PLANI!L67 -> 0

Sheet C 222
A1: C-222
A2: Saat/Gün | B2: Pazartesi | C2: Salı | D2: Çarşamba | E2: Perşembe | F2: Cuma
A3: 09:10-10:00 | B3: =DERS_PLANI!K8 -> BUS 304 (Dr. Özgül) | C3: =DERS_PLANI!K20 -> BUS 302 (Dr. Akdemir) | D3: =DERS_PLANI!K32 -> POLS 302 (Assoc. Prof. Köni) | E3: =DERS_PLANI!K44 -> 0 | F3: =DERS_PLANI!K56 -> POLS 212 (Assoc. Prof. Koni)
A4: 10:10-11:00 | B4: =DERS_PLANI!K9 -> BUS 304 (Dr. Özgül) | C4: =DERS_PLANI!K21 -> BUS 302 (Dr. Akdemir) | D4: =DERS_PLANI!K33 -> POLS 302 (Assoc. Prof. Köni) | E4: =DERS_PLANI!K45 -> 0 | F4: =DERS_PLANI!K57 -> POLS 212 (Assoc. Prof. Koni)
A5: 11:10-12:00 | B5: =DERS_PLANI!K10 -> BUS 304 (Dr. Özgül) | C5: =DERS_PLANI!K22 -> BUS 302 (Dr. Akdemir) | D5: =DERS_PLANI!K34 -> POLS 302 (Assoc. Prof. Köni) | E5: =DERS_PLANI!K46 -> OC 170 | F5: =DERS_PLANI!K58 -> POLS 212 (Assoc. Prof. Koni)
A6: 12:10-13:00 | B6: =DERS_PLANI!K11 -> 0 | C6: =DERS_PLANI!K23 -> BUS 202 (Dr. Özgül) | D6: =DERS_PLANI!K35 -> BUS 308 (Dr. Akdemir) | E6: =DERS_PLANI!K47 -> BUS 210 (Dr. Kalkan) | F6: =DERS_PLANI!K59 -> 0
A7: 13:10-14:00 | B7: =DERS_PLANI!K12 -> 0 | C7: =DERS_PLANI!K24 -> BUS 202 (Dr. Özgül) | D7: =DERS_PLANI!K36 -> BUS 308 (Dr. Akdemir) | E7: =DERS_PLANI!K48 -> BUS 210 (Dr. Kalkan) | F7: =DERS_PLANI!K60 -> 0
A8: 14:10-15:00 | B8: =DERS_PLANI!K13 -> 0 | C8: =DERS_PLANI!K25 -> BUS 202 (Dr. Özgül) | D8: =DERS_PLANI!K37 -> BUS 308 (Dr. Akdemir) | E8: =DERS_PLANI!K49 -> BUS 210 (Dr. Kalkan) | F8: =DERS_PLANI!K61 -> 0
A9: 15:10-16:00 | B9: =DERS_PLANI!K14 -> GER 202 (01) (Öğr. Gör. Yılmaz) | C9: =DERS_PLANI!K26 -> OC 174 Advanced English Speaking | D9: =DERS_PLANI!K38 -> GER 202 (02) (Öğr. Gör. Yılmaz) | E9: =DERS_PLANI!K50 -> 0 | F9: =DERS_PLANI!K62 -> 0
A10: 16:10-17:00 | B10: =DERS_PLANI!K15 -> GER 202 (01) (Öğr. Gör. Yılmaz) | C10: =DERS_PLANI!K27 -> OC 174 Advanced English Speaking | D10: =DERS_PLANI!K39 -> GER 202 (02) (Öğr. Gör. Yılmaz) | E10: =DERS_PLANI!K51 -> 0 | F10: =DERS_PLANI!K63 -> 0
A11: 17:10-18:00 | B11: =DERS_PLANI!K16 -> GER 202 (01) (Öğr. Gör. Yılmaz) | C11: =DERS_PLANI!K28 -> OC 174 Advanced English Speaking | D11: =DERS_PLANI!K40 -> GER 202 (02) (Öğr. Gör. Yılmaz) | E11: =DERS_PLANI!K52 -> 0 | F11: =DERS_PLANI!K64 -> 0
A12: 18:10 -19:00 | B12: =DERS_PLANI!K17 -> 0 | C12: =DERS_PLANI!K29 -> 0 | D12: =DERS_PLANI!K41 -> 0 | E12: =DERS_PLANI!K53 -> 0 | F12: =DERS_PLANI!K65 -> 0
A13: 19:10 - 20:00 | B13: =DERS_PLANI!K18 -> 0 | C13: =DERS_PLANI!K30 -> 0 | D13: =DERS_PLANI!K42 -> 0 | E13: =DERS_PLANI!K54 -> 0 | F13: =DERS_PLANI!K66 -> 0
A14: 20:10 - 21:00 | B14: =DERS_PLANI!K19 -> 0 | C14: =DERS_PLANI!K31 -> 0 | D14: =DERS_PLANI!K43 -> 0 | E14: =DERS_PLANI!K55 -> 0 | F14: =DERS_PLANI!K67 -> 0

Sheet C 221
A1: C-221
A2: Saat/Gün | B2: Pazartesi | C2: Salı | D2: Çarşamba | E2: Perşembe | F2: Cuma
A3: 09:10-10:00 | B3: =DERS_PLANI!J8 -> CMM 211-Philosophy of Technology and Society | C3: =DERS_PLANI!G32 -> MIS 362 (Lect. Yolcu) | D3: =DERS_PLANI!J32 -> MIS 458 Dr. Gerdan | E3: =DERS_PLANI!J44 -> BUS 206 (Dr. Kalkan) | F3: =DERS_PLANI!J56 -> SPAN 102 (01) (Öğr. Gör. Ersoy)
A4: 10:10-11:00 | B4: =DERS_PLANI!J9 -> CMM 211-Philosophy of Technology and Society | C4: =DERS_PLANI!G33 -> MIS 362 (Lect. Yolcu) | D4: =DERS_PLANI!J33 -> MIS 458 Dr. Gerdan | E4: =DERS_PLANI!J45 -> BUS 206 (Dr. Kalkan) | F4: =DERS_PLANI!J57 -> SPAN 102 (01) (Öğr. Gör. Ersoy)
A5: 11:10-12:00 | B5: =DERS_PLANI!J10 -> CMM 211-Philosophy of Technology and Society | C5: =DERS_PLANI!G34 -> MIS 362 (Lect. Yolcu) | D5: =DERS_PLANI!J34 -> MIS 458 Dr. Gerdan | E5: =DERS_PLANI!J46 -> BUS 206 (Dr. Kalkan) | F5: =DERS_PLANI!J58 -> SPAN 102 (01) (Öğr. Gör. Ersoy)
A6: 12:10-13:00 | B6: =DERS_PLANI!J11 -> POLS 306 (Assoc. Prof. Köni) | C6: =DERS_PLANI!G35 -> POLS 308 (Dr. Aslaner) | D6: =DERS_PLANI!J35 -> MIS 322 Dr. Erkul | E6: =DERS_PLANI!J47 -> SİMURG 2. DÖNEM | F6: =DERS_PLANI!J59 -> 0
A7: 13:10-14:00 | B7: =DERS_PLANI!J12 -> POLS 306 (Assoc. Prof. Köni) | C7: =DERS_PLANI!G36 -> POLS 308 (Dr. Aslaner) | D7: =DERS_PLANI!J36 -> MIS 322 Dr. Erkul | E7: =DERS_PLANI!J48 -> SİMURG 2. DÖNEM | F7: =DERS_PLANI!J60 -> 0
A8: 14:10-15:00 | B8: =DERS_PLANI!J13 -> POLS 306 (Assoc. Prof. Köni) | C8: =DERS_PLANI!G37 -> POLS 308 (Dr. Aslaner) | D8: =DERS_PLANI!J37 -> MIS 322 Dr. Erkul | E8: =DERS_PLANI!J49 -> SİMURG 2. DÖNEM | F8: =DERS_PLANI!J61 -> 0
A9: 15:10-16:00 | B9: =DERS_PLANI!J14 -> 0 | C9: =DERS_PLANI!G38 -> YBS 362 MÜZAKERE TEKNİKLERİ DOÇ.DR. MÜNEVVER BAYAR | D9: =DERS_PLANI!O38 -> CMM 186 İklim Değişikliği ve Ekonomi | E9: =DERS_PLANI!J50 -> SİMURG 2. DÖNEM | F9: =DERS_PLANI!J62 -> SPAN 102 (02) (Öğr. Gör. Ersoy)
A10: 16:10-17:00 | B10: =DERS_PLANI!J15 -> 0 | C10: =DERS_PLANI!G39 -> YBS 362 MÜZAKERE TEKNİKLERİ DOÇ.DR. MÜNEVVER BAYAR | D10: =DERS_PLANI!O39 -> CMM 186 İklim Değişikliği ve Ekonomi | E10: =DERS_PLANI!J51 -> SİMURG SEÇMELİ İNGİLİZCE | F10: =DERS_PLANI!J63 -> SPAN 102 (02) (Öğr. Gör. Ersoy)
A11: 17:10-18:00 | B11: =DERS_PLANI!J16 -> 0 | C11: =DERS_PLANI!G40 -> YBS 362 MÜZAKERE TEKNİKLERİ DOÇ.DR. MÜNEVVER BAYAR | D11: =DERS_PLANI!O40 -> CMM 186 İklim Değişikliği ve Ekonomi | E11: =DERS_PLANI!J52 -> 0 | F11: =DERS_PLANI!J64 -> SPAN 102 (02) (Öğr. Gör. Ersoy)
A12: 18:10 -19:00 | B12: =DERS_PLANI!J17 -> 0 | C12: =DERS_PLANI!G41 -> 0 | D12: =DERS_PLANI!J41 -> 0 | E12: =DERS_PLANI!J53 -> 0 | F12: =DERS_PLANI!J65 -> 0
A13: 19:10 - 20:00 | B13: =DERS_PLANI!J18 -> 0 | C13: =DERS_PLANI!G42 -> 0 | D13: =DERS_PLANI!J42 -> 0 | E13: =DERS_PLANI!J54 -> 0 | F13: =DERS_PLANI!J66 -> 0
A14: 20:10 - 21:00 | B14: =DERS_PLANI!J19 -> 0 | C14: =DERS_PLANI!G43 -> 0 | D14: =DERS_PLANI!J43 -> 0 | E14: =DERS_PLANI!J55 -> 0 | F14: =DERS_PLANI!J67 -> 0

Sheet C 220
A1: C-220
A2: Saat/Gün | B2: Pazartesi | C2: Salı | D2: Çarşamba | E2: Perşembe | F2: Cuma
A3: 09:10-10:00 | B3: =DERS_PLANI!I8 -> YBS 261 TİCARİ İSTİHBARAT SERTAÇ- ÖZGÜL HOCALAR | C3: =DERS_PLANI!I20 -> POLS 352 (Dr. Emir) | D3: =DERS_PLANI!I32 -> 0 | E3: =DERS_PLANI!I44 -> 0 | F3: =DERS_PLANI!I56 -> POLS 354 (Prof. Kes Erkul)
A4: 10:10-11:00 | B4: =DERS_PLANI!I9 -> YBS 261 TİCARİ İSTİHBARAT SERTAÇ- ÖZGÜL HOCALAR | C4: =DERS_PLANI!I21 -> POLS 352 (Dr. Emir) | D4: =DERS_PLANI!I33 -> 0 | E4: =DERS_PLANI!I45 -> 07.05.2026-DOLU | F4: =DERS_PLANI!I57 -> POLS 354 (Prof. Kes Erkul)
A5: 11:10-12:00 | B5: =DERS_PLANI!I10 -> YBS 261 TİCARİ İSTİHBARAT SERTAÇ- ÖZGÜL HOCALAR | C5: =DERS_PLANI!I22 -> POLS 352 (Dr. Emir) | D5: =DERS_PLANI!I34 -> OC 153 Psikolojik Destek | E5: =DERS_PLANI!I46 -> 07.05.2026-DOLU | F5: =DERS_PLANI!I58 -> POLS 354 (Prof. Kes Erkul)
A6: 12:10-13:00 | B6: =DERS_PLANI!I11 -> SİMURG SENİOR | C6: =DERS_PLANI!I23 -> SPAN 202 | D6: =DERS_PLANI!I35 -> SİMURG SENİOR | E6: =DERS_PLANI!#REF! -> #REF! | F6: =DERS_PLANI!I59 -> 0
